Series UID,Collection,3rd Party Analysis,Data Description URI,Subject ID,Study UID,Study Description,Study Date,Series Description,Manufacturer,Modality,SOP Class Name,SOP Class UID,Number of Images,File Size,File Location,Download Timestamp
1.2.826.0.1.534147.667.2747872357.202341935524854,CPTAC-PDA,yes,https://doi.org/10.7937/BW9VBX61,C3L-00189,1.3.6.1.4.1.14519.5.2.1.1078.3273.382194720873684027956624363347,CT ABDOMEN  PELVIS ENHANCEDAB,07-28-2003,Pre-Dose RETROPERITONEAL LYMPH NODE - 1 - SEED POINT,Open Health Imaging Foundation,RTSTRUCT,RT Structure Set Storage,1.2.840.10008.5.1.4.1.1.481.3,1,3.93 KB,.\CPTAC-PDA\C3L-00189\07-28-2003-NA-CT ABDOMEN  PELVIS ENHANCEDAB-63347\303.000000-Pre-Dose RETROPERITONEAL LYMPH NODE - 1 - SEED POINT-24854,2026-10-07T00:16:51.52
1.2.826.0.1.534147.756.812677238.202321565530113.4,CPTAC-PDA,yes,https://doi.org/10.7937/BW9VBX61,C3L-00189,1.3.6.1.4.1.14519.5.2.1.1078.3273.382194720873684027956624363347,CT ABDOMEN  PELVIS ENHANCEDAB,07-28-2003,Pre-Dose PANCREATIC DUCT - 1,Open Health Imaging Foundation,RTSTRUCT,RT Structure Set Storage,1.2.840.10008.5.1.4.1.1.481.3,1,7.51 KB,.\CPTAC-PDA\C3L-00189\07-28-2003-NA-CT ABDOMEN  PELVIS ENHANCEDAB-63347\303.000000-Pre-Dose PANCREATIC DUCT - 1-113.4,2026-10-07T00:16:51.52
1.2.826.0.1.534147.667.2747872357.202341935513821.4,CPTAC-PDA,yes,https://doi.org/10.7937/BW9VBX61,C3L-00189,1.3.6.1.4.1.14519.5.2.1.1078.3273.382194720873684027956624363347,CT ABDOMEN  PELVIS ENHANCEDAB,07-28-2003,Pre-Dose RETROPERITONEAL LYMPH NODE - 1,Open Health Imaging Foundation,RTSTRUCT,RT Structure Set Storage,1.2.840.10008.5.1.4.1.1.481.3,1,23.13 KB,.\CPTAC-PDA\C3L-00189\07-28-2003-NA-CT ABDOMEN  PELVIS ENHANCEDAB-63347\303.000000-Pre-Dose RETROPERITONEAL LYMPH NODE - 1-821.4,2026-10-07T00:16:52.179
1.2.826.0.1.534147.756.812677238.20232156555066.4,CPTAC-PDA,yes,https://doi.org/10.7937/BW9VBX61,C3L-00189,1.3.6.1.4.1.14519.5.2.1.1078.3273.382194720873684027956624363347,CT ABDOMEN  PELVIS ENHANCEDAB,07-28-2003,Pre-Dose PANCREATIC DUCT - 1 - SEED POINT,Open Health Imaging Foundation,RTSTRUCT,RT Structure Set Storage,1.2.840.10008.5.1.4.1.1.481.3,1,3.88 KB,.\CPTAC-PDA\C3L-00189\07-28-2003-NA-CT ABDOMEN  PELVIS ENHANCEDAB-63347\303.000000-Pre-Dose PANCREATIC DUCT - 1 - SEED POINT-066.4,2026-10-07T00:16:53.264
1.2.826.0.1.534147.667.2747872357.202341142437565.4,CPTAC-PDA,yes,https://doi.org/10.7937/BW9VBX61,C3L-00395,1.3.6.1.4.1.14519.5.2.1.1078.3273.379853879295196145901394269408,CT ABDOMEN NONENH  ENHANCEDAB,03-10-2003,Pre-Dose PANCREAS - 1 - SEED POINT,Open Health Imaging Foundation,RTSTRUCT,RT Structure Set Storage,1.2.840.10008.5.1.4.1.1.481.3,1,3.85 KB,.\CPTAC-PDA\C3L-00395\03-10-2003-NA-CT ABDOMEN NONENH  ENHANCEDAB-69408\6.000000-Pre-Dose PANCREAS - 1 - SEED POINT-565.4,2026-10-07T00:16:53.545
1.2.826.0.1.534147.667.2747872357.202341142419571.4,CPTAC-PDA,yes,https://doi.org/10.7937/BW9VBX61,C3L-00395,1.3.6.1.4.1.14519.5.2.1.1078.3273.379853879295196145901394269408,CT ABDOMEN NONENH  ENHANCEDAB,03-10-2003,Pre-Dose PANCREAS - 1,Open Health Imaging Foundation,RTSTRUCT,RT Structure Set Storage,1.2.840.10008.5.1.4.1.1.481.3,1,89.78 KB,.\CPTAC-PDA\C3L-00395\03-10-2003-NA-CT ABDOMEN NONENH  ENHANCEDAB-69408\6.000000-Pre-Dose PANCREAS - 1-571.4,2026-10-07T00:16:53.823
1.2.826.0.1.534147.756.812677238.202321573251443.4,CPTAC-PDA,yes,https://doi.org/10.7937/BW9VBX61,C3L-00395,1.3.6.1.4.1.14519.5.2.1.1078.3273.379853879295196145901394269408,CT ABDOMEN NONENH  ENHANCEDAB,03-10-2003,Pre-Dose PANCREAS - 1 - SEED POINT,Open Health Imaging Foundation,RTSTRUCT,RT Structure Set Storage,1.2.840.10008.5.1.4.1.1.481.3,1,3.84 KB,.\CPTAC-PDA\C3L-00395\03-10-2003-NA-CT ABDOMEN NONENH  ENHANCEDAB-69408\9.000000-Pre-Dose PANCREAS - 1 - SEED POINT-443.4,2026-10-07T00:16:54.932
1.2.826.0.1.534147.667.2747872357.20234193581285.4,CPTAC-PDA,yes,https://doi.org/10.7937/BW9VBX61,C3L-00401,1.3.6.1.4.1.14519.5.2.1.1078.3273.272150880395270376537665904173,CT ABDOMEN NONENH  ENHANCED-BODY,02-01-2003,Pre-Dose PANCREAS - 1 - SEED POINT,Open Health Imaging Foundation,RTSTRUCT,RT Structure Set Storage,1.2.840.10008.5.1.4.1.1.481.3,1,3.85 KB,.\CPTAC-PDA\C3L-00401\02-01-2003-NA-CT ABDOMEN NONENH  ENHANCED-BODY-04173\5.000000-Pre-Dose PANCREAS - 1 - SEED POINT-285.4,2026-10-07T00:16:55.148
1.2.826.0.1.534147.756.812677238.202321573230319.4,CPTAC-PDA,yes,https://doi.org/10.7937/BW9VBX61,C3L-00395,1.3.6.1.4.1.14519.5.2.1.1078.3273.379853879295196145901394269408,CT ABDOMEN NONENH  ENHANCEDAB,03-10-2003,Pre-Dose PANCREAS - 1,Open Health Imaging Foundation,RTSTRUCT,RT Structure Set Storage,1.2.840.10008.5.1.4.1.1.481.3,1,134.95 KB,.\CPTAC-PDA\C3L-00395\03-10-2003-NA-CT ABDOMEN NONENH  ENHANCEDAB-69408\9.000000-Pre-Dose PANCREAS - 1-319.4,2026-10-07T00:16:55.515
1.2.826.0.1.534147.667.2747872357.20234193583772.4,CPTAC-PDA,yes,https://doi.org/10.7937/BW9VBX61,C3L-00401,1.3.6.1.4.1.14519.5.2.1.1078.3273.272150880395270376537665904173,CT ABDOMEN NONENH  ENHANCED-BODY,02-01-2003,Pre-Dose PANCREAS - 1,Open Health Imaging Foundation,RTSTRUCT,RT Structure Set Storage,1.2.840.10008.5.1.4.1.1.481.3,1,49.17 KB,.\CPTAC-PDA\C3L-00401\02-01-2003-NA-CT ABDOMEN NONENH  ENHANCED-BODY-04173\5.000000-Pre-Dose PANCREAS - 1-772.4,2026-10-07T00:16:56.857
1.2.826.0.1.534147.667.2747872357.20234193599121.4,CPTAC-PDA,yes,https://doi.org/10.7937/BW9VBX61,C3L-00401,1.3.6.1.4.1.14519.5.2.1.1078.3273.272150880395270376537665904173,CT ABDOMEN NONENH  ENHANCED-BODY,02-01-2003,Pre-Dose PANCREAS - 1 - SEED POINT,Open Health Imaging Foundation,RTSTRUCT,RT Structure Set Storage,1.2.840.10008.5.1.4.1.1.481.3,1,3.85 KB,.\CPTAC-PDA\C3L-00401\02-01-2003-NA-CT ABDOMEN NONENH  ENHANCED-BODY-04173\6.000000-Pre-Dose PANCREAS - 1 - SEED POINT-121.4,2026-10-07T00:16:57.144
1.2.826.0.1.534147.667.2747872357.202341935857782.4,CPTAC-PDA,yes,https://doi.org/10.7937/BW9VBX61,C3L-00401,1.3.6.1.4.1.14519.5.2.1.1078.3273.272150880395270376537665904173,CT ABDOMEN NONENH  ENHANCED-BODY,02-01-2003,Pre-Dose PANCREAS - 1,Open Health Imaging Foundation,RTSTRUCT,RT Structure Set Storage,1.2.840.10008.5.1.4.1.1.481.3,1,43.84 KB,.\CPTAC-PDA\C3L-00401\02-01-2003-NA-CT ABDOMEN NONENH  ENHANCED-BODY-04173\6.000000-Pre-Dose PANCREAS - 1-782.4,2026-10-07T00:16:57.325
1.2.826.0.1.534147.756.812677238.202322863331229.4,CPTAC-PDA,yes,https://doi.org/10.7937/BW9VBX61,C3L-00598,1.3.6.1.4.1.14519.5.2.1.1078.3273.133725899522537665602741713326,MR ABDOMEN NONENHANCED  ENHANCEDAB,03-24-2003,Pre-Dose PANCREATIC DUCT - 1 - SEED POINT,Open Health Imaging Foundation,RTSTRUCT,RT Structure Set Storage,1.2.840.10008.5.1.4.1.1.481.3,1,3.91 KB,.\CPTAC-PDA\C3L-00598\03-24-2003-NA-MR ABDOMEN NONENHANCED  ENHANCEDAB-13326\1901.000000-Pre-Dose PANCREATIC DUCT - 1 - SEED POINT-229.4,2026-10-07T00:16:58.367
1.2.826.0.1.534147.756.812677238.202322863311177,CPTAC-PDA,yes,https://doi.org/10.7937/BW9VBX61,C3L-00598,1.3.6.1.4.1.14519.5.2.1.1078.3273.133725899522537665602741713326,MR ABDOMEN NONENHANCED  ENHANCEDAB,03-24-2003,Pre-Dose PANCREATIC DUCT - 1,Open Health Imaging Foundation,RTSTRUCT,RT Structure Set Storage,1.2.840.10008.5.1.4.1.1.481.3,1,45.01 KB,.\CPTAC-PDA\C3L-00598\03-24-2003-NA-MR ABDOMEN NONENHANCED  ENHANCEDAB-13326\1901.000000-Pre-Dose PANCREATIC DUCT - 1-11177,2026-10-07T00:16:58.81
1.2.826.0.1.534147.756.812677238.20232305141089.4,CPTAC-PDA,yes,https://doi.org/10.7937/BW9VBX61,C3L-00598,1.3.6.1.4.1.14519.5.2.1.1078.3273.133725899522537665602741713326,MR ABDOMEN NONENHANCED  ENHANCEDAB,03-24-2003,Pre-Dose PANCREATIC DUCT - 1,Open Health Imaging Foundation,RTSTRUCT,RT Structure Set Storage,1.2.840.10008.5.1.4.1.1.481.3,1,38.23 KB,.\CPTAC-PDA\C3L-00598\03-24-2003-NA-MR ABDOMEN NONENHANCED  ENHANCEDAB-13326\17.000000-Pre-Dose PANCREATIC DUCT - 1-089.4,2026-10-07T00:16:58.926
1.2.826.0.1.534147.667.2747872357.202341942371.4,CPTAC-PDA,yes,https://doi.org/10.7937/BW9VBX61,C3L-00599,1.3.6.1.4.1.14519.5.2.1.1078.3273.287741448107606200044766549226,CT ABDOMEN  PELVIS ENHANCEDAB,06-02-2003,Pre-Dose PANCREAS - 1 - SEED POINT,Open Health Imaging Foundation,RTSTRUCT,RT Structure Set Storage,1.2.840.10008.5.1.4.1.1.481.3,1,3.84 KB,.\CPTAC-PDA\C3L-00599\06-02-2003-NA-CT ABDOMEN  PELVIS ENHANCEDAB-49226\3.000000-Pre-Dose PANCREAS - 1 - SEED POINT-371.4,2026-10-07T00:17:00.466
1.2.826.0.1.534147.756.812677238.202323051421740.4,CPTAC-PDA,yes,https://doi.org/10.7937/BW9VBX61,C3L-00598,1.3.6.1.4.1.14519.5.2.1.1078.3273.133725899522537665602741713326,MR ABDOMEN NONENHANCED  ENHANCEDAB,03-24-2003,Pre-Dose PANCREATIC DUCT - 1 - SEED POINT,Open Health Imaging Foundation,RTSTRUCT,RT Structure Set Storage,1.2.840.10008.5.1.4.1.1.481.3,1,3.91 KB,.\CPTAC-PDA\C3L-00598\03-24-2003-NA-MR ABDOMEN NONENHANCED  ENHANCEDAB-13326\17.000000-Pre-Dose PANCREATIC DUCT - 1 - SEED POINT-740.4,2026-10-07T00:17:00.553
1.2.826.0.1.534147.667.2747872357.20234194217817,CPTAC-PDA,yes,https://doi.org/10.7937/BW9VBX61,C3L-00599,1.3.6.1.4.1.14519.5.2.1.1078.3273.287741448107606200044766549226,CT ABDOMEN  PELVIS ENHANCEDAB,06-02-2003,Pre-Dose PANCREAS - 1,Open Health Imaging Foundation,RTSTRUCT,RT Structure Set Storage,1.2.840.10008.5.1.4.1.1.481.3,1,62.18 KB,.\CPTAC-PDA\C3L-00599\06-02-2003-NA-CT ABDOMEN  PELVIS ENHANCEDAB-49226\3.000000-Pre-Dose PANCREAS - 1-17817,2026-10-07T00:17:01.306
1.2.826.0.1.534147.667.2747872357.20234194258577.4,CPTAC-PDA,yes,https://doi.org/10.7937/BW9VBX61,C3L-00599,1.3.6.1.4.1.14519.5.2.1.1078.3273.287741448107606200044766549226,CT ABDOMEN  PELVIS ENHANCEDAB,06-02-2003,Pre-Dose PERIHEPATIC LYMPH NODE - 1 - SEED POINT,Open Health Imaging Foundation,RTSTRUCT,RT Structure Set Storage,1.2.840.10008.5.1.4.1.1.481.3,1,3.90 KB,.\CPTAC-PDA\C3L-00599\06-02-2003-NA-CT ABDOMEN  PELVIS ENHANCEDAB-49226\3.000000-Pre-Dose PERIHEPATIC LYMPH NODE - 1 - SEED POINT-577.4,2026-10-07T00:17:01.882
1.2.826.0.1.534147.667.2747872357.2023419424838.4,CPTAC-PDA,yes,https://doi.org/10.7937/BW9VBX61,C3L-00599,1.3.6.1.4.1.14519.5.2.1.1078.3273.287741448107606200044766549226,CT ABDOMEN  PELVIS ENHANCEDAB,06-02-2003,Pre-Dose PERIHEPATIC LYMPH NODE - 1,Open Health Imaging Foundation,RTSTRUCT,RT Structure Set Storage,1.2.840.10008.5.1.4.1.1.481.3,1,31.36 KB,.\CPTAC-PDA\C3L-00599\06-02-2003-NA-CT ABDOMEN  PELVIS ENHANCEDAB-49226\3.000000-Pre-Dose PERIHEPATIC LYMPH NODE - 1-838.4,2026-10-07T00:17:02.208
1.2.826.0.1.534147.756.812677238.202321583250230,CPTAC-PDA,yes,https://doi.org/10.7937/BW9VBX61,C3L-00599,1.3.6.1.4.1.14519.5.2.1.1078.3273.287741448107606200044766549226,CT ABDOMEN  PELVIS ENHANCEDAB,06-02-2003,Pre-Dose LIVER - 1,Open Health Imaging Foundation,RTSTRUCT,RT Structure Set Storage,1.2.840.10008.5.1.4.1.1.481.3,1,34.43 KB,.\CPTAC-PDA\C3L-00599\06-02-2003-NA-CT ABDOMEN  PELVIS ENHANCEDAB-49226\3.000000-Pre-Dose LIVER - 1-50230,2026-10-07T00:17:03.124
1.2.826.0.1.534147.756.812677238.202321583311901.4,CPTAC-PDA,yes,https://doi.org/10.7937/BW9VBX61,C3L-00599,1.3.6.1.4.1.14519.5.2.1.1078.3273.287741448107606200044766549226,CT ABDOMEN  PELVIS ENHANCEDAB,06-02-2003,Pre-Dose LIVER - 1 - SEED POINT,Open Health Imaging Foundation,RTSTRUCT,RT Structure Set Storage,1.2.840.10008.5.1.4.1.1.481.3,1,3.82 KB,.\CPTAC-PDA\C3L-00599\06-02-2003-NA-CT ABDOMEN  PELVIS ENHANCEDAB-49226\3.000000-Pre-Dose LIVER - 1 - SEED POINT-901.4,2026-10-07T00:17:03.44
1.2.826.0.1.534147.667.2747872357.2023419452247.4,CPTAC-PDA,yes,https://doi.org/10.7937/BW9VBX61,C3L-00622,1.3.6.1.4.1.14519.5.2.1.1078.3273.332173697029923487520510304273,CT ABDOMEN  PELVIS ENHANCEDAB,08-25-2003,Pre-Dose RIGHT ADRENAL GLAND - 1,Open Health Imaging Foundation,RTSTRUCT,RT Structure Set Storage,1.2.840.10008.5.1.4.1.1.481.3,1,11.01 KB,.\CPTAC-PDA\C3L-00622\08-25-2003-NA-CT ABDOMEN  PELVIS ENHANCEDAB-04273\601.000000-Pre-Dose RIGHT ADRENAL GLAND - 1-247.4,2026-10-07T00:17:03.88
1.2.826.0.1.534147.667.2747872357.20234194533152.4,CPTAC-PDA,yes,https://doi.org/10.7937/BW9VBX61,C3L-00622,1.3.6.1.4.1.14519.5.2.1.1078.3273.332173697029923487520510304273,CT ABDOMEN  PELVIS ENHANCEDAB,08-25-2003,Pre-Dose RIGHT ADRENAL GLAND - 1 - SEED POINT,Open Health Imaging Foundation,RTSTRUCT,RT Structure Set Storage,1.2.840.10008.5.1.4.1.1.481.3,1,3.85 KB,.\CPTAC-PDA\C3L-00622\08-25-2003-NA-CT ABDOMEN  PELVIS ENHANCEDAB-04273\601.000000-Pre-Dose RIGHT ADRENAL GLAND - 1 - SEED POINT-152.4,2026-10-07T00:17:04.38
1.2.826.0.1.534147.667.2747872357.20234194546691.4,CPTAC-PDA,yes,https://doi.org/10.7937/BW9VBX61,C3L-00622,1.3.6.1.4.1.14519.5.2.1.1078.3273.332173697029923487520510304273,CT ABDOMEN  PELVIS ENHANCEDAB,08-25-2003,Pre-Dose LEFT ADRENAL GLAND - 1,Open Health Imaging Foundation,RTSTRUCT,RT Structure Set Storage,1.2.840.10008.5.1.4.1.1.481.3,1,12.73 KB,.\CPTAC-PDA\C3L-00622\08-25-2003-NA-CT ABDOMEN  PELVIS ENHANCEDAB-04273\601.000000-Pre-Dose LEFT ADRENAL GLAND - 1-691.4,2026-10-07T00:17:04.915
1.2.826.0.1.534147.667.2747872357.20234194555280,CPTAC-PDA,yes,https://doi.org/10.7937/BW9VBX61,C3L-00622,1.3.6.1.4.1.14519.5.2.1.1078.3273.332173697029923487520510304273,CT ABDOMEN  PELVIS ENHANCEDAB,08-25-2003,Pre-Dose LEFT ADRENAL GLAND - 1 - SEED POINT,Open Health Imaging Foundation,RTSTRUCT,RT Structure Set Storage,1.2.840.10008.5.1.4.1.1.481.3,1,3.85 KB,.\CPTAC-PDA\C3L-00622\08-25-2003-NA-CT ABDOMEN  PELVIS ENHANCEDAB-04273\601.000000-Pre-Dose LEFT ADRENAL GLAND - 1 - SEED POINT-55280,2026-10-07T00:17:05.247
1.2.826.0.1.534147.756.812677238.202321584435727.4,CPTAC-PDA,yes,https://doi.org/10.7937/BW9VBX61,C3L-00622,1.3.6.1.4.1.14519.5.2.1.1078.3273.332173697029923487520510304273,CT ABDOMEN  PELVIS ENHANCEDAB,08-25-2003,Pre-Dose PANCREATIC DUCT - 1,Open Health Imaging Foundation,RTSTRUCT,RT Structure Set Storage,1.2.840.10008.5.1.4.1.1.481.3,1,17.91 KB,.\CPTAC-PDA\C3L-00622\08-25-2003-NA-CT ABDOMEN  PELVIS ENHANCEDAB-04273\601.000000-Pre-Dose PANCREATIC DUCT - 1-727.4,2026-10-07T00:17:06.096
1.2.826.0.1.534147.756.812677238.20232158450222.4,CPTAC-PDA,yes,https://doi.org/10.7937/BW9VBX61,C3L-00622,1.3.6.1.4.1.14519.5.2.1.1078.3273.332173697029923487520510304273,CT ABDOMEN  PELVIS ENHANCEDAB,08-25-2003,Pre-Dose PANCREATIC DUCT - 1 - SEED POINT,Open Health Imaging Foundation,RTSTRUCT,RT Structure Set Storage,1.2.840.10008.5.1.4.1.1.481.3,1,3.85 KB,.\CPTAC-PDA\C3L-00622\08-25-2003-NA-CT ABDOMEN  PELVIS ENHANCEDAB-04273\601.000000-Pre-Dose PANCREATIC DUCT - 1 - SEED POINT-222.4,2026-10-07T00:17:06.471
1.2.826.0.1.534147.667.2747872357.202342565515109.4,CPTAC-PDA,yes,https://doi.org/10.7937/BW9VBX61,C3L-00625,1.3.6.1.4.1.14519.5.2.1.1078.3273.139985412320418407316296670477,CT ABDOMEN NONENH  ENHANCEDAB,09-28-2003,Pre-Dose PANCREAS - 1,Open Health Imaging Foundation,RTSTRUCT,RT Structure Set Storage,1.2.840.10008.5.1.4.1.1.481.3,1,26.62 KB,.\CPTAC-PDA\C3L-00625\09-28-2003-NA-CT ABDOMEN NONENH  ENHANCEDAB-70477\5.000000-Pre-Dose PANCREAS - 1-109.4,2026-10-07T00:17:07.421
1.2.826.0.1.534147.667.2747872357.202342565857649,CPTAC-PDA,yes,https://doi.org/10.7937/BW9VBX61,C3L-00625,1.3.6.1.4.1.14519.5.2.1.1078.3273.139985412320418407316296670477,CT ABDOMEN NONENH  ENHANCEDAB,09-28-2003,Pre-Dose PANCREAS - 1 - SEED POINT,Open Health Imaging Foundation,RTSTRUCT,RT Structure Set Storage,1.2.840.10008.5.1.4.1.1.481.3,1,3.85 KB,.\CPTAC-PDA\C3L-00625\09-28-2003-NA-CT ABDOMEN NONENH  ENHANCEDAB-70477\6.000000-Pre-Dose PANCREAS - 1 - SEED POINT-57649,2026-10-07T00:17:07.758
1.2.826.0.1.534147.667.2747872357.202342565856826.4,CPTAC-PDA,yes,https://doi.org/10.7937/BW9VBX61,C3L-00625,1.3.6.1.4.1.14519.5.2.1.1078.3273.139985412320418407316296670477,CT ABDOMEN NONENH  ENHANCEDAB,09-28-2003,Pre-Dose PANCREAS - 1,Open Health Imaging Foundation,RTSTRUCT,RT Structure Set Storage,1.2.840.10008.5.1.4.1.1.481.3,1,37.67 KB,.\CPTAC-PDA\C3L-00625\09-28-2003-NA-CT ABDOMEN NONENH  ENHANCEDAB-70477\6.000000-Pre-Dose PANCREAS - 1-826.4,2026-10-07T00:17:08.142
1.2.826.0.1.534147.667.2747872357.20234257025873.4,CPTAC-PDA,yes,https://doi.org/10.7937/BW9VBX61,C3L-00625,1.3.6.1.4.1.14519.5.2.1.1078.3273.139985412320418407316296670477,CT ABDOMEN NONENH  ENHANCEDAB,09-28-2003,Pre-Dose PANCREAS - 1 - SEED POINT,Open Health Imaging Foundation,RTSTRUCT,RT Structure Set Storage,1.2.840.10008.5.1.4.1.1.481.3,1,3.84 KB,.\CPTAC-PDA\C3L-00625\09-28-2003-NA-CT ABDOMEN NONENH  ENHANCEDAB-70477\5.000000-Pre-Dose PANCREAS - 1 - SEED POINT-873.4,2026-10-07T00:17:08.63
1.2.826.0.1.534147.756.812677238.202321593034429,CPTAC-PDA,yes,https://doi.org/10.7937/BW9VBX61,C3L-01032,1.3.6.1.4.1.14519.5.2.1.2692.1975.263836173972488501074580166155,NA,10-24-2011,Pre-Dose PANCREATIC DUCT - 1 - SEED POINT,Open Health Imaging Foundation,RTSTRUCT,RT Structure Set Storage,1.2.840.10008.5.1.4.1.1.481.3,1,3.84 KB,.\CPTAC-PDA\C3L-01032\10-24-2011-NA-NA-66155\10.000000-Pre-Dose PANCREATIC DUCT - 1 - SEED POINT-34429,2026-10-07T00:17:09.436
1.2.826.0.1.534147.756.812677238.202321593015716.4,CPTAC-PDA,yes,https://doi.org/10.7937/BW9VBX61,C3L-01032,1.3.6.1.4.1.14519.5.2.1.2692.1975.263836173972488501074580166155,NA,10-24-2011,Pre-Dose PANCREATIC DUCT - 1,Open Health Imaging Foundation,RTSTRUCT,RT Structure Set Storage,1.2.840.10008.5.1.4.1.1.481.3,1,65.43 KB,.\CPTAC-PDA\C3L-01032\10-24-2011-NA-NA-66155\10.000000-Pre-Dose PANCREATIC DUCT - 1-716.4,2026-10-07T00:17:10.227
1.2.826.0.1.534147.667.2747872357.202341152923251.4,CPTAC-PDA,yes,https://doi.org/10.7937/BW9VBX61,C3L-01036,1.3.6.1.4.1.14519.5.2.1.2692.1975.144537276817786584861405462125,NA,09-26-2011,Pre-Dose PANCREATIC DUCT - 1,Open Health Imaging Foundation,RTSTRUCT,RT Structure Set Storage,1.2.840.10008.5.1.4.1.1.481.3,1,18.74 KB,.\CPTAC-PDA\C3L-01036\09-26-2011-NA-NA-62125\5.000000-Pre-Dose PANCREATIC DUCT - 1-251.4,2026-10-07T00:17:10.482
1.2.826.0.1.534147.667.2747872357.202341152947107,CPTAC-PDA,yes,https://doi.org/10.7937/BW9VBX61,C3L-01036,1.3.6.1.4.1.14519.5.2.1.2692.1975.144537276817786584861405462125,NA,09-26-2011,Pre-Dose PANCREATIC DUCT - 1 - SEED POINT,Open Health Imaging Foundation,RTSTRUCT,RT Structure Set Storage,1.2.840.10008.5.1.4.1.1.481.3,1,3.84 KB,.\CPTAC-PDA\C3L-01036\09-26-2011-NA-NA-62125\5.000000-Pre-Dose PANCREATIC DUCT - 1 - SEED POINT-47107,2026-10-07T00:17:10.79
1.2.826.0.1.534147.667.2747872357.202341153015143.4,CPTAC-PDA,yes,https://doi.org/10.7937/BW9VBX61,C3L-01036,1.3.6.1.4.1.14519.5.2.1.2692.1975.144537276817786584861405462125,NA,09-26-2011,Pre-Dose RIGHT ADRENAL GLAND - 1 - SEED POINT,Open Health Imaging Foundation,RTSTRUCT,RT Structure Set Storage,1.2.840.10008.5.1.4.1.1.481.3,1,3.84 KB,.\CPTAC-PDA\C3L-01036\09-26-2011-NA-NA-62125\5.000000-Pre-Dose RIGHT ADRENAL GLAND - 1 - SEED POINT-143.4,2026-10-07T00:17:11.659
1.2.826.0.1.534147.667.2747872357.20234115301504.4,CPTAC-PDA,yes,https://doi.org/10.7937/BW9VBX61,C3L-01036,1.3.6.1.4.1.14519.5.2.1.2692.1975.144537276817786584861405462125,NA,09-26-2011,Pre-Dose RIGHT ADRENAL GLAND - 1,Open Health Imaging Foundation,RTSTRUCT,RT Structure Set Storage,1.2.840.10008.5.1.4.1.1.481.3,1,27.80 KB,.\CPTAC-PDA\C3L-01036\09-26-2011-NA-NA-62125\5.000000-Pre-Dose RIGHT ADRENAL GLAND - 1-504.4,2026-10-07T00:17:12.033
1.2.826.0.1.534147.667.2747872357.202342582327752.4,CPTAC-PDA,yes,https://doi.org/10.7937/BW9VBX61,C3L-01036,1.3.6.1.4.1.14519.5.2.1.2692.1975.144537276817786584861405462125,NA,09-26-2011,Pre-Dose LEFT ADRENAL GLAND - 1,Open Health Imaging Foundation,RTSTRUCT,RT Structure Set Storage,1.2.840.10008.5.1.4.1.1.481.3,1,8.03 KB,.\CPTAC-PDA\C3L-01036\09-26-2011-NA-NA-62125\5.000000-Pre-Dose LEFT ADRENAL GLAND - 1-752.4,2026-10-07T00:17:12.042
1.2.826.0.1.534147.667.2747872357.202342582334908.4,CPTAC-PDA,yes,https://doi.org/10.7937/BW9VBX61,C3L-01036,1.3.6.1.4.1.14519.5.2.1.2692.1975.144537276817786584861405462125,NA,09-26-2011,Pre-Dose LEFT ADRENAL GLAND - 1 - SEED POINT,Open Health Imaging Foundation,RTSTRUCT,RT Structure Set Storage,1.2.840.10008.5.1.4.1.1.481.3,1,3.84 KB,.\CPTAC-PDA\C3L-01036\09-26-2011-NA-NA-62125\5.000000-Pre-Dose LEFT ADRENAL GLAND - 1 - SEED POINT-908.4,2026-10-07T00:17:13.471
1.2.826.0.1.534147.667.2747872357.202342582429964.4,CPTAC-PDA,yes,https://doi.org/10.7937/BW9VBX61,C3L-01036,1.3.6.1.4.1.14519.5.2.1.2692.1975.144537276817786584861405462125,NA,09-26-2011,Pre-Dose LEFT ADRENAL GLAND - 1 - SEED POINT,Open Health Imaging Foundation,RTSTRUCT,RT Structure Set Storage,1.2.840.10008.5.1.4.1.1.481.3,1,3.84 KB,.\CPTAC-PDA\C3L-01036\09-26-2011-NA-NA-62125\10.000000-Pre-Dose LEFT ADRENAL GLAND - 1 - SEED POINT-964.4,2026-10-07T00:17:13.482
1.2.826.0.1.534147.667.2747872357.2023425824186.4,CPTAC-PDA,yes,https://doi.org/10.7937/BW9VBX61,C3L-01036,1.3.6.1.4.1.14519.5.2.1.2692.1975.144537276817786584861405462125,NA,09-26-2011,Pre-Dose LEFT ADRENAL GLAND - 1,Open Health Imaging Foundation,RTSTRUCT,RT Structure Set Storage,1.2.840.10008.5.1.4.1.1.481.3,1,65.93 KB,.\CPTAC-PDA\C3L-01036\09-26-2011-NA-NA-62125\10.000000-Pre-Dose LEFT ADRENAL GLAND - 1-186.4,2026-10-07T00:17:14.062
1.2.826.0.1.534147.756.812677238.202321510035759.4,CPTAC-PDA,yes,https://doi.org/10.7937/BW9VBX61,C3L-01036,1.3.6.1.4.1.14519.5.2.1.2692.1975.144537276817786584861405462125,NA,09-26-2011,Pre-Dose RIGHT ADRENAL GLAND - 1 - SEED POINT,Open Health Imaging Foundation,RTSTRUCT,RT Structure Set Storage,1.2.840.10008.5.1.4.1.1.481.3,1,3.84 KB,.\CPTAC-PDA\C3L-01036\09-26-2011-NA-NA-62125\10.000000-Pre-Dose RIGHT ADRENAL GLAND - 1 - SEED POINT-759.4,2026-10-07T00:17:14.76
1.2.826.0.1.534147.756.812677238.202321594824143.4,CPTAC-PDA,yes,https://doi.org/10.7937/BW9VBX61,C3L-01036,1.3.6.1.4.1.14519.5.2.1.2692.1975.144537276817786584861405462125,NA,09-26-2011,Pre-Dose PANCREATIC DUCT - 1 - SEED POINT,Open Health Imaging Foundation,RTSTRUCT,RT Structure Set Storage,1.2.840.10008.5.1.4.1.1.481.3,1,3.84 KB,.\CPTAC-PDA\C3L-01036\09-26-2011-NA-NA-62125\10.000000-Pre-Dose PANCREATIC DUCT - 1 - SEED POINT-143.4,2026-10-07T00:17:15.539
1.2.826.0.1.534147.756.812677238.20232151001829.4,CPTAC-PDA,yes,https://doi.org/10.7937/BW9VBX61,C3L-01036,1.3.6.1.4.1.14519.5.2.1.2692.1975.144537276817786584861405462125,NA,09-26-2011,Pre-Dose RIGHT ADRENAL GLAND - 1,Open Health Imaging Foundation,RTSTRUCT,RT Structure Set Storage,1.2.840.10008.5.1.4.1.1.481.3,1,150.48 KB,.\CPTAC-PDA\C3L-01036\09-26-2011-NA-NA-62125\10.000000-Pre-Dose RIGHT ADRENAL GLAND - 1-829.4,2026-10-07T00:17:15.763
1.2.826.0.1.534147.756.812677238.20232159483449.4,CPTAC-PDA,yes,https://doi.org/10.7937/BW9VBX61,C3L-01036,1.3.6.1.4.1.14519.5.2.1.2692.1975.144537276817786584861405462125,NA,09-26-2011,Pre-Dose PANCREATIC DUCT - 1,Open Health Imaging Foundation,RTSTRUCT,RT Structure Set Storage,1.2.840.10008.5.1.4.1.1.481.3,1,81.47 KB,.\CPTAC-PDA\C3L-01036\09-26-2011-NA-NA-62125\10.000000-Pre-Dose PANCREATIC DUCT - 1-449.4,2026-10-07T00:17:16.77
1.2.826.0.1.534147.667.2747872357.20234194109149.4,CPTAC-PDA,yes,https://doi.org/10.7937/BW9VBX61,C3L-01687,1.3.6.1.4.1.14519.5.2.1.1078.3273.260713905558341142623441071761,CT ABDOMEN  PELVIS AUGMENTEDAB,10-27-2003,Pre-Dose PERIHEPATIC LYMPH NODE - 2 - SEED POINT,Open Health Imaging Foundation,RTSTRUCT,RT Structure Set Storage,1.2.840.10008.5.1.4.1.1.481.3,1,3.90 KB,.\CPTAC-PDA\C3L-01687\10-27-2003-NA-CT ABDOMEN  PELVIS AUGMENTEDAB-71761\3.000000-Pre-Dose PERIHEPATIC LYMPH NODE - 2 - SEED POINT-149.4,2026-10-07T00:17:16.796
1.2.826.0.1.534147.667.2747872357.20234194931365.4,CPTAC-PDA,yes,https://doi.org/10.7937/BW9VBX61,C3L-01687,1.3.6.1.4.1.14519.5.2.1.1078.3273.260713905558341142623441071761,CT ABDOMEN  PELVIS AUGMENTEDAB,10-27-2003,Pre-Dose PERIHEPATIC LYMPH NODE - 1,Open Health Imaging Foundation,RTSTRUCT,RT Structure Set Storage,1.2.840.10008.5.1.4.1.1.481.3,1,14.73 KB,.\CPTAC-PDA\C3L-01687\10-27-2003-NA-CT ABDOMEN  PELVIS AUGMENTEDAB-71761\3.000000-Pre-Dose PERIHEPATIC LYMPH NODE - 1-365.4,2026-10-07T00:17:17.358
1.2.826.0.1.534147.667.2747872357.20234194944984.4,CPTAC-PDA,yes,https://doi.org/10.7937/BW9VBX61,C3L-01687,1.3.6.1.4.1.14519.5.2.1.1078.3273.260713905558341142623441071761,CT ABDOMEN  PELVIS AUGMENTEDAB,10-27-2003,Pre-Dose PERIHEPATIC LYMPH NODE - 1 - SEED POINT,Open Health Imaging Foundation,RTSTRUCT,RT Structure Set Storage,1.2.840.10008.5.1.4.1.1.481.3,1,3.90 KB,.\CPTAC-PDA\C3L-01687\10-27-2003-NA-CT ABDOMEN  PELVIS AUGMENTEDAB-71761\3.000000-Pre-Dose PERIHEPATIC LYMPH NODE - 1 - SEED POINT-984.4,2026-10-07T00:17:18.132
1.2.826.0.1.534147.667.2747872357.20234194958750.4,CPTAC-PDA,yes,https://doi.org/10.7937/BW9VBX61,C3L-01687,1.3.6.1.4.1.14519.5.2.1.1078.3273.260713905558341142623441071761,CT ABDOMEN  PELVIS AUGMENTEDAB,10-27-2003,Pre-Dose PERIHEPATIC LYMPH NODE - 2,Open Health Imaging Foundation,RTSTRUCT,RT Structure Set Storage,1.2.840.10008.5.1.4.1.1.481.3,1,16.31 KB,.\CPTAC-PDA\C3L-01687\10-27-2003-NA-CT ABDOMEN  PELVIS AUGMENTEDAB-71761\3.000000-Pre-Dose PERIHEPATIC LYMPH NODE - 2-750.4,2026-10-07T00:17:18.371
1.2.826.0.1.534147.756.812677238.2023215113323891.4,CPTAC-PDA,yes,https://doi.org/10.7937/BW9VBX61,C3L-01687,1.3.6.1.4.1.14519.5.2.1.1078.3273.260713905558341142623441071761,CT ABDOMEN  PELVIS AUGMENTEDAB,10-27-2003,Pre-Dose PANCREATIC DUCT - 1,Open Health Imaging Foundation,RTSTRUCT,RT Structure Set Storage,1.2.840.10008.5.1.4.1.1.481.3,1,33.28 KB,.\CPTAC-PDA\C3L-01687\10-27-2003-NA-CT ABDOMEN  PELVIS AUGMENTEDAB-71761\3.000000-Pre-Dose PANCREATIC DUCT - 1-891.4,2026-10-07T00:17:19.163
1.2.826.0.1.534147.756.812677238.2023215113344235.4,CPTAC-PDA,yes,https://doi.org/10.7937/BW9VBX61,C3L-01687,1.3.6.1.4.1.14519.5.2.1.1078.3273.260713905558341142623441071761,CT ABDOMEN  PELVIS AUGMENTEDAB,10-27-2003,Pre-Dose PANCREATIC DUCT - 1 - SEED POINT,Open Health Imaging Foundation,RTSTRUCT,RT Structure Set Storage,1.2.840.10008.5.1.4.1.1.481.3,1,3.88 KB,.\CPTAC-PDA\C3L-01687\10-27-2003-NA-CT ABDOMEN  PELVIS AUGMENTEDAB-71761\3.000000-Pre-Dose PANCREATIC DUCT - 1 - SEED POINT-235.4,2026-10-07T00:17:19.662
1.2.826.0.1.534147.756.812677238.2023215113523621.4,CPTAC-PDA,yes,https://doi.org/10.7937/BW9VBX61,C3L-01687,1.3.6.1.4.1.14519.5.2.1.1078.3273.260713905558341142623441071761,CT ABDOMEN  PELVIS AUGMENTEDAB,10-27-2003,Pre-Dose LIVER - 1 - SEED POINT,Open Health Imaging Foundation,RTSTRUCT,RT Structure Set Storage,1.2.840.10008.5.1.4.1.1.481.3,1,3.83 KB,.\CPTAC-PDA\C3L-01687\10-27-2003-NA-CT ABDOMEN  PELVIS AUGMENTEDAB-71761\3.000000-Pre-Dose LIVER - 1 - SEED POINT-621.4,2026-10-07T00:17:19.921
1.2.826.0.1.534147.756.812677238.202321511354455,CPTAC-PDA,yes,https://doi.org/10.7937/BW9VBX61,C3L-01687,1.3.6.1.4.1.14519.5.2.1.1078.3273.260713905558341142623441071761,CT ABDOMEN  PELVIS AUGMENTEDAB,10-27-2003,Pre-Dose LIVER - 1,Open Health Imaging Foundation,RTSTRUCT,RT Structure Set Storage,1.2.840.10008.5.1.4.1.1.481.3,1,8.53 KB,.\CPTAC-PDA\C3L-01687\10-27-2003-NA-CT ABDOMEN  PELVIS AUGMENTEDAB-71761\3.000000-Pre-Dose LIVER - 1-54455,2026-10-07T00:17:20.512
1.2.826.0.1.534147.667.2747872357.202341163658538,CPTAC-PDA,yes,https://doi.org/10.7937/BW9VBX61,C3L-01689,1.3.6.1.4.1.14519.5.2.1.1078.3273.268358539799811717807471676672,CT ABDOMEN NONENH  ENHANCEDAB,11-07-2003,Pre-Dose PANCREATIC DUCT - 1 - SEED POINT,Open Health Imaging Foundation,RTSTRUCT,RT Structure Set Storage,1.2.840.10008.5.1.4.1.1.481.3,1,3.88 KB,.\CPTAC-PDA\C3L-01689\11-07-2003-NA-CT ABDOMEN NONENH  ENHANCEDAB-76672\6.000000-Pre-Dose PANCREATIC DUCT - 1 - SEED POINT-58538,2026-10-07T00:17:21.457
1.2.826.0.1.534147.667.2747872357.202341163639659.4,CPTAC-PDA,yes,https://doi.org/10.7937/BW9VBX61,C3L-01689,1.3.6.1.4.1.14519.5.2.1.1078.3273.268358539799811717807471676672,CT ABDOMEN NONENH  ENHANCEDAB,11-07-2003,Pre-Dose PANCREATIC DUCT - 1,Open Health Imaging Foundation,RTSTRUCT,RT Structure Set Storage,1.2.840.10008.5.1.4.1.1.481.3,1,64.89 KB,.\CPTAC-PDA\C3L-01689\11-07-2003-NA-CT ABDOMEN NONENH  ENHANCEDAB-76672\6.000000-Pre-Dose PANCREATIC DUCT - 1-659.4,2026-10-07T00:17:22.891
1.2.826.0.1.534147.756.812677238.2023215114933725.4,CPTAC-PDA,yes,https://doi.org/10.7937/BW9VBX61,C3L-01689,1.3.6.1.4.1.14519.5.2.1.1078.3273.268358539799811717807471676672,CT ABDOMEN NONENH  ENHANCEDAB,11-07-2003,Pre-Dose PANCREATIC DUCT - 1,Open Health Imaging Foundation,RTSTRUCT,RT Structure Set Storage,1.2.840.10008.5.1.4.1.1.481.3,1,58.24 KB,.\CPTAC-PDA\C3L-01689\11-07-2003-NA-CT ABDOMEN NONENH  ENHANCEDAB-76672\9.000000-Pre-Dose PANCREATIC DUCT - 1-725.4,2026-10-07T00:17:22.892
1.2.826.0.1.534147.756.812677238.2023215114949741.4,CPTAC-PDA,yes,https://doi.org/10.7937/BW9VBX61,C3L-01689,1.3.6.1.4.1.14519.5.2.1.1078.3273.268358539799811717807471676672,CT ABDOMEN NONENH  ENHANCEDAB,11-07-2003,Pre-Dose PANCREATIC DUCT - 1 - SEED POINT,Open Health Imaging Foundation,RTSTRUCT,RT Structure Set Storage,1.2.840.10008.5.1.4.1.1.481.3,1,3.88 KB,.\CPTAC-PDA\C3L-01689\11-07-2003-NA-CT ABDOMEN NONENH  ENHANCEDAB-76672\9.000000-Pre-Dose PANCREATIC DUCT - 1 - SEED POINT-741.4,2026-10-07T00:17:22.892
1.2.826.0.1.534147.756.812677238.20232151284023.4,CPTAC-PDA,yes,https://doi.org/10.7937/BW9VBX61,C3L-01702,1.3.6.1.4.1.14519.5.2.1.1078.3273.314237833757629861904050585914,CT ABDOMEN  PELVIS AUGMENTEDAB,09-28-2003,Pre-Dose PANCREATIC DUCT - 1 - SEED POINT,Open Health Imaging Foundation,RTSTRUCT,RT Structure Set Storage,1.2.840.10008.5.1.4.1.1.481.3,1,3.87 KB,.\CPTAC-PDA\C3L-01702\09-28-2003-NA-CT ABDOMEN  PELVIS AUGMENTEDAB-85914\3.000000-Pre-Dose PANCREATIC DUCT - 1 - SEED POINT-023.4,2026-10-07T00:17:24.544
1.2.826.0.1.534147.667.2747872357.202341161729240.4,CPTAC-PDA,yes,https://doi.org/10.7937/BW9VBX61,C3L-01703,1.3.6.1.4.1.14519.5.2.1.1078.3273.209638829076525895910314623080,CT ABDOMEN NONENH  ENHANCEDAB,11-07-2003,Pre-Dose LIVER - 1,Open Health Imaging Foundation,RTSTRUCT,RT Structure Set Storage,1.2.840.10008.5.1.4.1.1.481.3,1,7.31 KB,.\CPTAC-PDA\C3L-01703\11-07-2003-NA-CT ABDOMEN NONENH  ENHANCEDAB-23080\5.000000-Pre-Dose LIVER - 1-240.4,2026-10-07T00:17:24.544
1.2.826.0.1.534147.756.812677238.202321512819799.4,CPTAC-PDA,yes,https://doi.org/10.7937/BW9VBX61,C3L-01702,1.3.6.1.4.1.14519.5.2.1.1078.3273.314237833757629861904050585914,CT ABDOMEN  PELVIS AUGMENTEDAB,09-28-2003,Pre-Dose PANCREATIC DUCT - 1,Open Health Imaging Foundation,RTSTRUCT,RT Structure Set Storage,1.2.840.10008.5.1.4.1.1.481.3,1,26.43 KB,.\CPTAC-PDA\C3L-01702\09-28-2003-NA-CT ABDOMEN  PELVIS AUGMENTEDAB-85914\3.000000-Pre-Dose PANCREATIC DUCT - 1-799.4,2026-10-07T00:17:24.941
1.2.826.0.1.534147.667.2747872357.202341161830535.4,CPTAC-PDA,yes,https://doi.org/10.7937/BW9VBX61,C3L-01703,1.3.6.1.4.1.14519.5.2.1.1078.3273.209638829076525895910314623080,CT ABDOMEN NONENH  ENHANCEDAB,11-07-2003,Pre-Dose PANCREATIC DUCT - 1 - SEED POINT,Open Health Imaging Foundation,RTSTRUCT,RT Structure Set Storage,1.2.840.10008.5.1.4.1.1.481.3,1,3.88 KB,.\CPTAC-PDA\C3L-01703\11-07-2003-NA-CT ABDOMEN NONENH  ENHANCEDAB-23080\5.000000-Pre-Dose PANCREATIC DUCT - 1 - SEED POINT-535.4,2026-10-07T00:17:25.898
1.2.826.0.1.534147.667.2747872357.202341161756572.4,CPTAC-PDA,yes,https://doi.org/10.7937/BW9VBX61,C3L-01703,1.3.6.1.4.1.14519.5.2.1.1078.3273.209638829076525895910314623080,CT ABDOMEN NONENH  ENHANCEDAB,11-07-2003,Pre-Dose LIVER - 1 - SEED POINT,Open Health Imaging Foundation,RTSTRUCT,RT Structure Set Storage,1.2.840.10008.5.1.4.1.1.481.3,1,3.83 KB,.\CPTAC-PDA\C3L-01703\11-07-2003-NA-CT ABDOMEN NONENH  ENHANCEDAB-23080\5.000000-Pre-Dose LIVER - 1 - SEED POINT-572.4,2026-10-07T00:17:25.905
1.2.826.0.1.534147.667.2747872357.20234116189888.4,CPTAC-PDA,yes,https://doi.org/10.7937/BW9VBX61,C3L-01703,1.3.6.1.4.1.14519.5.2.1.1078.3273.209638829076525895910314623080,CT ABDOMEN NONENH  ENHANCEDAB,11-07-2003,Pre-Dose PANCREATIC DUCT - 1,Open Health Imaging Foundation,RTSTRUCT,RT Structure Set Storage,1.2.840.10008.5.1.4.1.1.481.3,1,88.63 KB,.\CPTAC-PDA\C3L-01703\11-07-2003-NA-CT ABDOMEN NONENH  ENHANCEDAB-23080\5.000000-Pre-Dose PANCREATIC DUCT - 1-888.4,2026-10-07T00:17:29.11
1.2.826.0.1.534147.756.812677238.2023215121929674.4,CPTAC-PDA,yes,https://doi.org/10.7937/BW9VBX61,C3L-01703,1.3.6.1.4.1.14519.5.2.1.1078.3273.209638829076525895910314623080,CT ABDOMEN NONENH  ENHANCEDAB,11-07-2003,Pre-Dose PANCREATIC DUCT - 1 - SEED POINT,Open Health Imaging Foundation,RTSTRUCT,RT Structure Set Storage,1.2.840.10008.5.1.4.1.1.481.3,1,3.88 KB,.\CPTAC-PDA\C3L-01703\11-07-2003-NA-CT ABDOMEN NONENH  ENHANCEDAB-23080\6.000000-Pre-Dose PANCREATIC DUCT - 1 - SEED POINT-674.4,2026-10-07T00:17:29.339
1.2.826.0.1.534147.756.812677238.202321512191598.4,CPTAC-PDA,yes,https://doi.org/10.7937/BW9VBX61,C3L-01703,1.3.6.1.4.1.14519.5.2.1.1078.3273.209638829076525895910314623080,CT ABDOMEN NONENH  ENHANCEDAB,11-07-2003,Pre-Dose PANCREATIC DUCT - 1,Open Health Imaging Foundation,RTSTRUCT,RT Structure Set Storage,1.2.840.10008.5.1.4.1.1.481.3,1,69.21 KB,.\CPTAC-PDA\C3L-01703\11-07-2003-NA-CT ABDOMEN NONENH  ENHANCEDAB-23080\6.000000-Pre-Dose PANCREATIC DUCT - 1-598.4,2026-10-07T00:17:30.164
1.2.826.0.1.534147.756.812677238.202321512272916.4,CPTAC-PDA,yes,https://doi.org/10.7937/BW9VBX61,C3L-01703,1.3.6.1.4.1.14519.5.2.1.1078.3273.209638829076525895910314623080,CT ABDOMEN NONENH  ENHANCEDAB,11-07-2003,Pre-Dose LIVER - 1 - SEED POINT,Open Health Imaging Foundation,RTSTRUCT,RT Structure Set Storage,1.2.840.10008.5.1.4.1.1.481.3,1,3.83 KB,.\CPTAC-PDA\C3L-01703\11-07-2003-NA-CT ABDOMEN NONENH  ENHANCEDAB-23080\6.000000-Pre-Dose LIVER - 1 - SEED POINT-916.4,2026-10-07T00:17:30.795
1.2.826.0.1.534147.756.812677238.2023215122714283.4,CPTAC-PDA,yes,https://doi.org/10.7937/BW9VBX61,C3L-01703,1.3.6.1.4.1.14519.5.2.1.1078.3273.209638829076525895910314623080,CT ABDOMEN NONENH  ENHANCEDAB,11-07-2003,Pre-Dose LIVER - 1,Open Health Imaging Foundation,RTSTRUCT,RT Structure Set Storage,1.2.840.10008.5.1.4.1.1.481.3,1,18.85 KB,.\CPTAC-PDA\C3L-01703\11-07-2003-NA-CT ABDOMEN NONENH  ENHANCEDAB-23080\6.000000-Pre-Dose LIVER - 1-283.4,2026-10-07T00:17:30.811
1.2.826.0.1.534147.667.2747872357.202341941225418.4,CPTAC-PDA,yes,https://doi.org/10.7937/BW9VBX61,C3L-02109,1.3.6.1.4.1.14519.5.2.1.1078.3273.251690211733824304804342445913,FR PERMANENT FILE COPY,11-16-2003,Pre-Dose PANCREATIC DUCT - 2,Open Health Imaging Foundation,RTSTRUCT,RT Structure Set Storage,1.2.840.10008.5.1.4.1.1.481.3,1,10.72 KB,.\CPTAC-PDA\C3L-02109\11-16-2003-NA-FR PERMANENT FILE COPY-45913\3.000000-Pre-Dose PANCREATIC DUCT - 2-418.4,2026-10-07T00:17:31.893
1.2.826.0.1.534147.667.2747872357.202341941237479.4,CPTAC-PDA,yes,https://doi.org/10.7937/BW9VBX61,C3L-02109,1.3.6.1.4.1.14519.5.2.1.1078.3273.251690211733824304804342445913,FR PERMANENT FILE COPY,11-16-2003,Pre-Dose PANCREATIC DUCT - 2 - SEED POINT,Open Health Imaging Foundation,RTSTRUCT,RT Structure Set Storage,1.2.840.10008.5.1.4.1.1.481.3,1,3.86 KB,.\CPTAC-PDA\C3L-02109\11-16-2003-NA-FR PERMANENT FILE COPY-45913\3.000000-Pre-Dose PANCREATIC DUCT - 2 - SEED POINT-479.4,2026-10-07T00:17:32.317
1.2.826.0.1.534147.756.812677238.2023215124012627.4,CPTAC-PDA,yes,https://doi.org/10.7937/BW9VBX61,C3L-02109,1.3.6.1.4.1.14519.5.2.1.1078.3273.251690211733824304804342445913,FR PERMANENT FILE COPY,11-16-2003,Pre-Dose PANCREATIC DUCT - 1,Open Health Imaging Foundation,RTSTRUCT,RT Structure Set Storage,1.2.840.10008.5.1.4.1.1.481.3,1,15.94 KB,.\CPTAC-PDA\C3L-02109\11-16-2003-NA-FR PERMANENT FILE COPY-45913\3.000000-Pre-Dose PANCREATIC DUCT - 1-627.4,2026-10-07T00:17:32.567
1.2.826.0.1.534147.667.2747872357.202342571732296.4,CPTAC-PDA,yes,https://doi.org/10.7937/BW9VBX61,C3L-02112,1.3.6.1.4.1.14519.5.2.1.1078.3273.131112255180298386283634139859,CT ABDOMEN  PELVIS ENHANCEDAB,02-03-2004,Pre-Dose PANCREAS - 2 - SEED POINT,Open Health Imaging Foundation,RTSTRUCT,RT Structure Set Storage,1.2.840.10008.5.1.4.1.1.481.3,1,3.86 KB,.\CPTAC-PDA\C3L-02112\02-03-2004-NA-CT ABDOMEN  PELVIS ENHANCEDAB-39859\303.000000-Pre-Dose PANCREAS - 2 - SEED POINT-296.4,2026-10-07T00:17:33.854
1.2.826.0.1.534147.756.812677238.2023215124030947.4,CPTAC-PDA,yes,https://doi.org/10.7937/BW9VBX61,C3L-02109,1.3.6.1.4.1.14519.5.2.1.1078.3273.251690211733824304804342445913,FR PERMANENT FILE COPY,11-16-2003,Pre-Dose PANCREATIC DUCT - 1 - SEED POINT,Open Health Imaging Foundation,RTSTRUCT,RT Structure Set Storage,1.2.840.10008.5.1.4.1.1.481.3,1,3.87 KB,.\CPTAC-PDA\C3L-02109\11-16-2003-NA-FR PERMANENT FILE COPY-45913\3.000000-Pre-Dose PANCREATIC DUCT - 1 - SEED POINT-947.4,2026-10-07T00:17:34.269
1.2.826.0.1.534147.667.2747872357.202342571826282.4,CPTAC-PDA,yes,https://doi.org/10.7937/BW9VBX61,C3L-02112,1.3.6.1.4.1.14519.5.2.1.1078.3273.131112255180298386283634139859,CT ABDOMEN  PELVIS ENHANCEDAB,02-03-2004,Pre-Dose PANCREAS - 2 - SEED POINT,Open Health Imaging Foundation,RTSTRUCT,RT Structure Set Storage,1.2.840.10008.5.1.4.1.1.481.3,1,3.86 KB,.\CPTAC-PDA\C3L-02112\02-03-2004-NA-CT ABDOMEN  PELVIS ENHANCEDAB-39859\305.000000-Pre-Dose PANCREAS - 2 - SEED POINT-282.4,2026-10-07T00:17:35.695
1.2.826.0.1.534147.667.2747872357.202342571815250.4,CPTAC-PDA,yes,https://doi.org/10.7937/BW9VBX61,C3L-02112,1.3.6.1.4.1.14519.5.2.1.1078.3273.131112255180298386283634139859,CT ABDOMEN  PELVIS ENHANCEDAB,02-03-2004,Pre-Dose PANCREAS - 2,Open Health Imaging Foundation,RTSTRUCT,RT Structure Set Storage,1.2.840.10008.5.1.4.1.1.481.3,1,178.42 KB,.\CPTAC-PDA\C3L-02112\02-03-2004-NA-CT ABDOMEN  PELVIS ENHANCEDAB-39859\305.000000-Pre-Dose PANCREAS - 2-250.4,2026-10-07T00:17:36.75
1.2.826.0.1.534147.667.2747872357.202342571721348.4,CPTAC-PDA,yes,https://doi.org/10.7937/BW9VBX61,C3L-02112,1.3.6.1.4.1.14519.5.2.1.1078.3273.131112255180298386283634139859,CT ABDOMEN  PELVIS ENHANCEDAB,02-03-2004,Pre-Dose PANCREAS - 2,Open Health Imaging Foundation,RTSTRUCT,RT Structure Set Storage,1.2.840.10008.5.1.4.1.1.481.3,1,207.44 KB,.\CPTAC-PDA\C3L-02112\02-03-2004-NA-CT ABDOMEN  PELVIS ENHANCEDAB-39859\303.000000-Pre-Dose PANCREAS - 2-348.4,2026-10-07T00:17:37.329
1.2.826.0.1.534147.667.2747872357.202342574129737.4,CPTAC-PDA,yes,https://doi.org/10.7937/BW9VBX61,C3L-02115,1.3.6.1.4.1.14519.5.2.1.1078.3273.579950355873141726715743328300,CT ABDOMEN NONENH  ENHANCEDAB,01-11-2004,Pre-Dose PANCREAS - 1,Open Health Imaging Foundation,RTSTRUCT,RT Structure Set Storage,1.2.840.10008.5.1.4.1.1.481.3,1,222.30 KB,.\CPTAC-PDA\C3L-02115\01-11-2004-NA-CT ABDOMEN NONENH  ENHANCEDAB-28300\4.000000-Pre-Dose PANCREAS - 1-737.4,2026-10-07T00:17:39.503
1.2.826.0.1.534147.667.2747872357.202342575036617.4,CPTAC-PDA,yes,https://doi.org/10.7937/BW9VBX61,C3L-02115,1.3.6.1.4.1.14519.5.2.1.1078.3273.579950355873141726715743328300,CT ABDOMEN NONENH  ENHANCEDAB,01-11-2004,Pre-Dose PANCREAS - 1,Open Health Imaging Foundation,RTSTRUCT,RT Structure Set Storage,1.2.840.10008.5.1.4.1.1.481.3,1,58.16 KB,.\CPTAC-PDA\C3L-02115\01-11-2004-NA-CT ABDOMEN NONENH  ENHANCEDAB-28300\24.000000-Pre-Dose PANCREAS - 1-617.4,2026-10-07T00:17:39.885
1.2.826.0.1.534147.667.2747872357.202342575355884.4,CPTAC-PDA,yes,https://doi.org/10.7937/BW9VBX61,C3L-02115,1.3.6.1.4.1.14519.5.2.1.1078.3273.579950355873141726715743328300,CT ABDOMEN NONENH  ENHANCEDAB,01-11-2004,Pre-Dose PANCREAS - 1 - SEED POINT,Open Health Imaging Foundation,RTSTRUCT,RT Structure Set Storage,1.2.840.10008.5.1.4.1.1.481.3,1,3.85 KB,.\CPTAC-PDA\C3L-02115\01-11-2004-NA-CT ABDOMEN NONENH  ENHANCEDAB-28300\4.000000-Pre-Dose PANCREAS - 1 - SEED POINT-884.4,2026-10-07T00:17:39.893
1.2.826.0.1.534147.667.2747872357.202342575423991.4,CPTAC-PDA,yes,https://doi.org/10.7937/BW9VBX61,C3L-02115,1.3.6.1.4.1.14519.5.2.1.1078.3273.579950355873141726715743328300,CT ABDOMEN NONENH  ENHANCEDAB,01-11-2004,Pre-Dose PANCREAS - 1 - SEED POINT,Open Health Imaging Foundation,RTSTRUCT,RT Structure Set Storage,1.2.840.10008.5.1.4.1.1.481.3,1,3.85 KB,.\CPTAC-PDA\C3L-02115\01-11-2004-NA-CT ABDOMEN NONENH  ENHANCEDAB-28300\24.000000-Pre-Dose PANCREAS - 1 - SEED POINT-991.4,2026-10-07T00:17:41.06
1.2.826.0.1.534147.756.812677238.202321671141475.4,CPTAC-PDA,yes,https://doi.org/10.7937/BW9VBX61,C3L-02115,1.3.6.1.4.1.14519.5.2.1.1078.3273.579950355873141726715743328300,CT ABDOMEN NONENH  ENHANCEDAB,01-11-2004,Pre-Dose MEDIASTINAL LYMPH NODE - 1 - SEED POINT,Open Health Imaging Foundation,RTSTRUCT,RT Structure Set Storage,1.2.840.10008.5.1.4.1.1.481.3,1,3.90 KB,.\CPTAC-PDA\C3L-02115\01-11-2004-NA-CT ABDOMEN NONENH  ENHANCEDAB-28300\14.000000-Pre-Dose MEDIASTINAL LYMPH NODE - 1 - SEED POINT-475.4,2026-10-07T00:17:41.327
1.2.826.0.1.534147.756.812677238.202321671112361.4,CPTAC-PDA,yes,https://doi.org/10.7937/BW9VBX61,C3L-02115,1.3.6.1.4.1.14519.5.2.1.1078.3273.579950355873141726715743328300,CT ABDOMEN NONENH  ENHANCEDAB,01-11-2004,Pre-Dose MEDIASTINAL LYMPH NODE - 1,Open Health Imaging Foundation,RTSTRUCT,RT Structure Set Storage,1.2.840.10008.5.1.4.1.1.481.3,1,38.78 KB,.\CPTAC-PDA\C3L-02115\01-11-2004-NA-CT ABDOMEN NONENH  ENHANCEDAB-28300\14.000000-Pre-Dose MEDIASTINAL LYMPH NODE - 1-361.4,2026-10-07T00:17:41.584
1.2.826.0.1.534147.667.2747872357.202342655011813.4,CPTAC-PDA,yes,https://doi.org/10.7937/BW9VBX61,C3L-02116,1.3.6.1.4.1.14519.5.2.1.1078.3273.586682128687324196098719578398,CT ABDOMEN  PELVIS ENHANCEDAB,02-12-2004,Pre-Dose No Findings,Open Health Imaging Foundation,RTSTRUCT,RT Structure Set Storage,1.2.840.10008.5.1.4.1.1.481.3,1,3.21 KB,.\CPTAC-PDA\C3L-02116\02-12-2004-NA-CT ABDOMEN  PELVIS ENHANCEDAB-78398\3.000000-Pre-Dose No Findings-813.4,2026-10-07T00:17:42.428
1.2.826.0.1.534147.667.2747872357.202341941517701.4,CPTAC-PDA,yes,https://doi.org/10.7937/BW9VBX61,C3L-02118,1.3.6.1.4.1.14519.5.2.1.1078.3273.174242804485878810313629125277,CT CHEST ABDOMEN  PELVIS ENHANCEDAB,01-10-2004,Pre-Dose PANCREAS - 2 - SEED POINT,Open Health Imaging Foundation,RTSTRUCT,RT Structure Set Storage,1.2.840.10008.5.1.4.1.1.481.3,1,3.84 KB,.\CPTAC-PDA\C3L-02118\01-10-2004-NA-CT CHEST ABDOMEN  PELVIS ENHANCEDAB-25277\605.000000-Pre-Dose PANCREAS - 2 - SEED POINT-701.4,2026-10-07T00:17:42.653
1.2.826.0.1.534147.756.812677238.202321665014857.4,CPTAC-PDA,yes,https://doi.org/10.7937/BW9VBX61,C3L-02118,1.3.6.1.4.1.14519.5.2.1.1078.3273.174242804485878810313629125277,CT CHEST ABDOMEN  PELVIS ENHANCEDAB,01-10-2004,Pre-Dose No Findings,Open Health Imaging Foundation,RTSTRUCT,RT Structure Set Storage,1.2.840.10008.5.1.4.1.1.481.3,1,3.21 KB,.\CPTAC-PDA\C3L-02118\01-10-2004-NA-CT CHEST ABDOMEN  PELVIS ENHANCEDAB-25277\3.000000-Pre-Dose No Findings-857.4,2026-10-07T00:17:43.983
1.2.826.0.1.534147.756.812677238.202321665427617.4,CPTAC-PDA,yes,https://doi.org/10.7937/BW9VBX61,C3L-02118,1.3.6.1.4.1.14519.5.2.1.1078.3273.174242804485878810313629125277,CT CHEST ABDOMEN  PELVIS ENHANCEDAB,01-10-2004,Pre-Dose PANCREATIC DUCT - 1 - SEED POINT,Open Health Imaging Foundation,RTSTRUCT,RT Structure Set Storage,1.2.840.10008.5.1.4.1.1.481.3,1,3.86 KB,.\CPTAC-PDA\C3L-02118\01-10-2004-NA-CT CHEST ABDOMEN  PELVIS ENHANCEDAB-25277\605.000000-Pre-Dose PANCREATIC DUCT - 1 - SEED POINT-617.4,2026-10-07T00:17:43.983
1.2.826.0.1.534147.667.2747872357.20234194158945.4,CPTAC-PDA,yes,https://doi.org/10.7937/BW9VBX61,C3L-02118,1.3.6.1.4.1.14519.5.2.1.1078.3273.174242804485878810313629125277,CT CHEST ABDOMEN  PELVIS ENHANCEDAB,01-10-2004,Pre-Dose PANCREAS - 2,Open Health Imaging Foundation,RTSTRUCT,RT Structure Set Storage,1.2.840.10008.5.1.4.1.1.481.3,1,36.18 KB,.\CPTAC-PDA\C3L-02118\01-10-2004-NA-CT CHEST ABDOMEN  PELVIS ENHANCEDAB-25277\605.000000-Pre-Dose PANCREAS - 2-945.4,2026-10-07T00:17:44.392
1.2.826.0.1.534147.756.812677238.20232167141218.4,CPTAC-PDA,yes,https://doi.org/10.7937/BW9VBX61,C3L-02606,1.3.6.1.4.1.14519.5.2.1.1078.3273.696976040174217674027926575397,CT CHEST ABDOMEN  PELVIS ENHANCEDAB,02-08-2004,Pre-Dose No Findings,Open Health Imaging Foundation,RTSTRUCT,RT Structure Set Storage,1.2.840.10008.5.1.4.1.1.481.3,1,3.21 KB,.\CPTAC-PDA\C3L-02606\02-08-2004-NA-CT CHEST ABDOMEN  PELVIS ENHANCEDAB-75397\4.000000-Pre-Dose No Findings-218.4,2026-10-07T00:17:45.445
1.2.826.0.1.534147.756.812677238.20232166548809.4,CPTAC-PDA,yes,https://doi.org/10.7937/BW9VBX61,C3L-02118,1.3.6.1.4.1.14519.5.2.1.1078.3273.174242804485878810313629125277,CT CHEST ABDOMEN  PELVIS ENHANCEDAB,01-10-2004,Pre-Dose PANCREATIC DUCT - 1,Open Health Imaging Foundation,RTSTRUCT,RT Structure Set Storage,1.2.840.10008.5.1.4.1.1.481.3,1,18.20 KB,.\CPTAC-PDA\C3L-02118\01-10-2004-NA-CT CHEST ABDOMEN  PELVIS ENHANCEDAB-25277\605.000000-Pre-Dose PANCREATIC DUCT - 1-809.4,2026-10-07T00:17:45.726
1.2.826.0.1.534147.756.812677238.202321673015865,CPTAC-PDA,yes,https://doi.org/10.7937/BW9VBX61,C3L-02606,1.3.6.1.4.1.14519.5.2.1.1078.3273.696976040174217674027926575397,CT CHEST ABDOMEN  PELVIS ENHANCEDAB,02-08-2004,Pre-Dose PANCREAS - 1,Open Health Imaging Foundation,RTSTRUCT,RT Structure Set Storage,1.2.840.10008.5.1.4.1.1.481.3,1,62.54 KB,.\CPTAC-PDA\C3L-02606\02-08-2004-NA-CT CHEST ABDOMEN  PELVIS ENHANCEDAB-75397\604.000000-Pre-Dose PANCREAS - 1-15865,2026-10-07T00:17:46.654
1.2.826.0.1.534147.756.812677238.202321673032724.4,CPTAC-PDA,yes,https://doi.org/10.7937/BW9VBX61,C3L-02606,1.3.6.1.4.1.14519.5.2.1.1078.3273.696976040174217674027926575397,CT CHEST ABDOMEN  PELVIS ENHANCEDAB,02-08-2004,Pre-Dose PANCREAS - 1 - SEED POINT,Open Health Imaging Foundation,RTSTRUCT,RT Structure Set Storage,1.2.840.10008.5.1.4.1.1.481.3,1,3.83 KB,.\CPTAC-PDA\C3L-02606\02-08-2004-NA-CT CHEST ABDOMEN  PELVIS ENHANCEDAB-75397\604.000000-Pre-Dose PANCREAS - 1 - SEED POINT-724.4,2026-10-07T00:17:47.226
1.2.826.0.1.534147.667.2747872357.202341941748301.4,CPTAC-PDA,yes,https://doi.org/10.7937/BW9VBX61,C3L-02610,1.3.6.1.4.1.14519.5.2.1.1078.3273.458092542884374121247283662319,MR ABDOMEN NO CONTRASTAB,02-02-2004,Pre-Dose PANCREAS - 2,Open Health Imaging Foundation,RTSTRUCT,RT Structure Set Storage,1.2.840.10008.5.1.4.1.1.481.3,1,27.20 KB,.\CPTAC-PDA\C3L-02610\02-02-2004-NA-MR ABDOMEN NO CONTRASTAB-62319\4.000000-Pre-Dose PANCREAS - 2-301.4,2026-10-07T00:17:48.093
1.2.826.0.1.534147.667.2747872357.20234194181456.4,CPTAC-PDA,yes,https://doi.org/10.7937/BW9VBX61,C3L-02610,1.3.6.1.4.1.14519.5.2.1.1078.3273.458092542884374121247283662319,MR ABDOMEN NO CONTRASTAB,02-02-2004,Pre-Dose LEFT ADRENAL GLAND - 1,Open Health Imaging Foundation,RTSTRUCT,RT Structure Set Storage,1.2.840.10008.5.1.4.1.1.481.3,1,15.64 KB,.\CPTAC-PDA\C3L-02610\02-02-2004-NA-MR ABDOMEN NO CONTRASTAB-62319\4.000000-Pre-Dose LEFT ADRENAL GLAND - 1-456.4,2026-10-07T00:17:48.896
1.2.826.0.1.534147.667.2747872357.20234194182251.4,CPTAC-PDA,yes,https://doi.org/10.7937/BW9VBX61,C3L-02610,1.3.6.1.4.1.14519.5.2.1.1078.3273.458092542884374121247283662319,MR ABDOMEN NO CONTRASTAB,02-02-2004,Pre-Dose PANCREAS - 2 - SEED POINT,Open Health Imaging Foundation,RTSTRUCT,RT Structure Set Storage,1.2.840.10008.5.1.4.1.1.481.3,1,3.84 KB,.\CPTAC-PDA\C3L-02610\02-02-2004-NA-MR ABDOMEN NO CONTRASTAB-62319\4.000000-Pre-Dose PANCREAS - 2 - SEED POINT-251.4,2026-10-07T00:17:49.416
1.2.826.0.1.534147.667.2747872357.202341941823904.4,CPTAC-PDA,yes,https://doi.org/10.7937/BW9VBX61,C3L-02610,1.3.6.1.4.1.14519.5.2.1.1078.3273.458092542884374121247283662319,MR ABDOMEN NO CONTRASTAB,02-02-2004,Pre-Dose LEFT ADRENAL GLAND - 1 - SEED POINT,Open Health Imaging Foundation,RTSTRUCT,RT Structure Set Storage,1.2.840.10008.5.1.4.1.1.481.3,1,3.87 KB,.\CPTAC-PDA\C3L-02610\02-02-2004-NA-MR ABDOMEN NO CONTRASTAB-62319\4.000000-Pre-Dose LEFT ADRENAL GLAND - 1 - SEED POINT-904.4,2026-10-07T00:17:50.764
1.2.826.0.1.534147.667.2747872357.202341251013414.4,CPTAC-PDA,yes,https://doi.org/10.7937/BW9VBX61,C3L-02613,1.3.6.1.4.1.14519.5.2.1.1078.3273.193346692073394313791090771429,CT ABDOMEN NONENH  ENHANCEDAB,02-08-2004,Pre-Dose PANCREAS - 1 - SEED POINT,Open Health Imaging Foundation,RTSTRUCT,RT Structure Set Storage,1.2.840.10008.5.1.4.1.1.481.3,1,3.83 KB,.\CPTAC-PDA\C3L-02613\02-08-2004-NA-CT ABDOMEN NONENH  ENHANCEDAB-71429\607.000000-Pre-Dose PANCREAS - 1 - SEED POINT-414.4,2026-10-07T00:17:50.8
1.2.826.0.1.534147.667.2747872357.20234125222353.4,CPTAC-PDA,yes,https://doi.org/10.7937/BW9VBX61,C3L-02613,1.3.6.1.4.1.14519.5.2.1.1078.3273.193346692073394313791090771429,CT ABDOMEN NONENH  ENHANCEDAB,02-08-2004,Pre-Dose PANCREAS - 1 - SEED POINT,Open Health Imaging Foundation,RTSTRUCT,RT Structure Set Storage,1.2.840.10008.5.1.4.1.1.481.3,1,3.83 KB,.\CPTAC-PDA\C3L-02613\02-08-2004-NA-CT ABDOMEN NONENH  ENHANCEDAB-71429\604.000000-Pre-Dose PANCREAS - 1 - SEED POINT-353.4,2026-10-07T00:17:51.108
1.2.826.0.1.534147.667.2747872357.20234125831211.4,CPTAC-PDA,yes,https://doi.org/10.7937/BW9VBX61,C3L-02613,1.3.6.1.4.1.14519.5.2.1.1078.3273.193346692073394313791090771429,CT ABDOMEN NONENH  ENHANCEDAB,02-08-2004,Pre-Dose PANCREAS - 1,Open Health Imaging Foundation,RTSTRUCT,RT Structure Set Storage,1.2.840.10008.5.1.4.1.1.481.3,1,34.57 KB,.\CPTAC-PDA\C3L-02613\02-08-2004-NA-CT ABDOMEN NONENH  ENHANCEDAB-71429\604.000000-Pre-Dose PANCREAS - 1-211.4,2026-10-07T00:17:52.693
1.2.826.0.1.534147.667.2747872357.202341942028262.4,CPTAC-PDA,yes,https://doi.org/10.7937/BW9VBX61,C3L-02888,1.3.6.1.4.1.14519.5.2.1.1078.3273.282556838468658064071224301576,CT ABDOMEN AND PELVIS ANGIOGRAMAB,05-22-2004,Pre-Dose PANCREAS - 1,Open Health Imaging Foundation,RTSTRUCT,RT Structure Set Storage,1.2.840.10008.5.1.4.1.1.481.3,1,17.00 KB,.\CPTAC-PDA\C3L-02888\05-22-2004-NA-CT ABDOMEN AND PELVIS ANGIOGRAMAB-01576\603.000000-Pre-Dose PANCREAS - 1-262.4,2026-10-07T00:17:53.12
1.2.826.0.1.534147.667.2747872357.20234125948697,CPTAC-PDA,yes,https://doi.org/10.7937/BW9VBX61,C3L-02613,1.3.6.1.4.1.14519.5.2.1.1078.3273.193346692073394313791090771429,CT ABDOMEN NONENH  ENHANCEDAB,02-08-2004,Pre-Dose PANCREAS - 1,Open Health Imaging Foundation,RTSTRUCT,RT Structure Set Storage,1.2.840.10008.5.1.4.1.1.481.3,1,67.54 KB,.\CPTAC-PDA\C3L-02613\02-08-2004-NA-CT ABDOMEN NONENH  ENHANCEDAB-71429\607.000000-Pre-Dose PANCREAS - 1-48697,2026-10-07T00:17:53.122
1.2.826.0.1.534147.667.2747872357.202341942035852.4,CPTAC-PDA,yes,https://doi.org/10.7937/BW9VBX61,C3L-02888,1.3.6.1.4.1.14519.5.2.1.1078.3273.282556838468658064071224301576,CT ABDOMEN AND PELVIS ANGIOGRAMAB,05-22-2004,Pre-Dose PANCREAS - 1 - SEED POINT,Open Health Imaging Foundation,RTSTRUCT,RT Structure Set Storage,1.2.840.10008.5.1.4.1.1.481.3,1,3.86 KB,.\CPTAC-PDA\C3L-02888\05-22-2004-NA-CT ABDOMEN AND PELVIS ANGIOGRAMAB-01576\603.000000-Pre-Dose PANCREAS - 1 - SEED POINT-852.4,2026-10-07T00:17:54.654
1.2.826.0.1.534147.667.2747872357.202341254946194.4,CPTAC-PDA,yes,https://doi.org/10.7937/BW9VBX61,C3L-02890,1.3.6.1.4.1.14519.5.2.1.1078.3273.208590771532145884562399668202,CT ABDOMEN NONENH  ENHANCEDAB,03-18-2004,Pre-Dose PANCREAS - 1 - SEED POINT,Open Health Imaging Foundation,RTSTRUCT,RT Structure Set Storage,1.2.840.10008.5.1.4.1.1.481.3,1,3.83 KB,.\CPTAC-PDA\C3L-02890\03-18-2004-NA-CT ABDOMEN NONENH  ENHANCEDAB-68202\604.000000-Pre-Dose PANCREAS - 1 - SEED POINT-194.4,2026-10-07T00:17:56.069
1.2.826.0.1.534147.667.2747872357.20234125240618,CPTAC-PDA,yes,https://doi.org/10.7937/BW9VBX61,C3L-02890,1.3.6.1.4.1.14519.5.2.1.1078.3273.208590771532145884562399668202,CT ABDOMEN NONENH  ENHANCEDAB,03-18-2004,Pre-Dose PANCREAS - 1,Open Health Imaging Foundation,RTSTRUCT,RT Structure Set Storage,1.2.840.10008.5.1.4.1.1.481.3,1,102.07 KB,.\CPTAC-PDA\C3L-02890\03-18-2004-NA-CT ABDOMEN NONENH  ENHANCEDAB-68202\607.000000-Pre-Dose PANCREAS - 1-40618,2026-10-07T00:17:56.901
1.2.826.0.1.534147.667.2747872357.202341254925153.4,CPTAC-PDA,yes,https://doi.org/10.7937/BW9VBX61,C3L-02890,1.3.6.1.4.1.14519.5.2.1.1078.3273.208590771532145884562399668202,CT ABDOMEN NONENH  ENHANCEDAB,03-18-2004,Pre-Dose PANCREAS - 1,Open Health Imaging Foundation,RTSTRUCT,RT Structure Set Storage,1.2.840.10008.5.1.4.1.1.481.3,1,87.49 KB,.\CPTAC-PDA\C3L-02890\03-18-2004-NA-CT ABDOMEN NONENH  ENHANCEDAB-68202\604.000000-Pre-Dose PANCREAS - 1-153.4,2026-10-07T00:17:57.21
1.2.826.0.1.534147.667.2747872357.202341262120547,CPTAC-PDA,yes,https://doi.org/10.7937/BW9VBX61,C3L-03123,1.3.6.1.4.1.14519.5.2.1.1078.3273.298999466671227840807204532556,CT ABDOMEN - AUGMENTAB,04-19-2004,Pre-Dose PANCREAS - 1,Open Health Imaging Foundation,RTSTRUCT,RT Structure Set Storage,1.2.840.10008.5.1.4.1.1.481.3,1,38.55 KB,.\CPTAC-PDA\C3L-03123\04-19-2004-NA-CT ABDOMEN - AUGMENTAB-32556\6.000000-Pre-Dose PANCREAS - 1-20547,2026-10-07T00:17:59.349
1.2.826.0.1.534147.667.2747872357.202341255052161.3,CPTAC-PDA,yes,https://doi.org/10.7937/BW9VBX61,C3L-02890,1.3.6.1.4.1.14519.5.2.1.1078.3273.208590771532145884562399668202,CT ABDOMEN NONENH  ENHANCEDAB,03-18-2004,Pre-Dose PANCREAS - 1 - SEED POINT,Open Health Imaging Foundation,RTSTRUCT,RT Structure Set Storage,1.2.840.10008.5.1.4.1.1.481.3,1,3.83 KB,.\CPTAC-PDA\C3L-02890\03-18-2004-NA-CT ABDOMEN NONENH  ENHANCEDAB-68202\607.000000-Pre-Dose PANCREAS - 1 - SEED POINT-161.3,2026-10-07T00:17:59.351
1.2.826.0.1.534147.667.2747872357.202341262143360.4,CPTAC-PDA,yes,https://doi.org/10.7937/BW9VBX61,C3L-03123,1.3.6.1.4.1.14519.5.2.1.1078.3273.298999466671227840807204532556,CT ABDOMEN - AUGMENTAB,04-19-2004,Pre-Dose PANCREAS - 1 - SEED POINT,Open Health Imaging Foundation,RTSTRUCT,RT Structure Set Storage,1.2.840.10008.5.1.4.1.1.481.3,1,3.85 KB,.\CPTAC-PDA\C3L-03123\04-19-2004-NA-CT ABDOMEN - AUGMENTAB-32556\6.000000-Pre-Dose PANCREAS - 1 - SEED POINT-360.4,2026-10-07T00:17:59.353
1.2.826.0.1.534147.756.812677238.202321691956310.4,CPTAC-PDA,yes,https://doi.org/10.7937/BW9VBX61,C3L-03123,1.3.6.1.4.1.14519.5.2.1.1078.3273.298999466671227840807204532556,CT ABDOMEN - AUGMENTAB,04-19-2004,Pre-Dose PANCREAS - 1 - SEED POINT,Open Health Imaging Foundation,RTSTRUCT,RT Structure Set Storage,1.2.840.10008.5.1.4.1.1.481.3,1,3.84 KB,.\CPTAC-PDA\C3L-03123\04-19-2004-NA-CT ABDOMEN - AUGMENTAB-32556\5.000000-Pre-Dose PANCREAS - 1 - SEED POINT-310.4,2026-10-07T00:18:01.205
1.2.826.0.1.534147.667.2747872357.202342583140203.4,CPTAC-PDA,yes,https://doi.org/10.7937/BW9VBX61,C3L-03126,1.3.6.1.4.1.14519.5.2.1.1078.3273.744795280375184380316150258260,CT ABDOMEN AND PELVIS ANGIOGRAMAB,04-29-2004,Pre-Dose RIGHT KIDNEY - 1,Open Health Imaging Foundation,RTSTRUCT,RT Structure Set Storage,1.2.840.10008.5.1.4.1.1.481.3,1,35.23 KB,.\CPTAC-PDA\C3L-03126\04-29-2004-NA-CT ABDOMEN AND PELVIS ANGIOGRAMAB-58260\2.000000-Pre-Dose RIGHT KIDNEY - 1-203.4,2026-10-07T00:18:01.641
1.2.826.0.1.534147.756.812677238.202321691935902.4,CPTAC-PDA,yes,https://doi.org/10.7937/BW9VBX61,C3L-03123,1.3.6.1.4.1.14519.5.2.1.1078.3273.298999466671227840807204532556,CT ABDOMEN - AUGMENTAB,04-19-2004,Pre-Dose PANCREAS - 1,Open Health Imaging Foundation,RTSTRUCT,RT Structure Set Storage,1.2.840.10008.5.1.4.1.1.481.3,1,89.45 KB,.\CPTAC-PDA\C3L-03123\04-19-2004-NA-CT ABDOMEN - AUGMENTAB-32556\5.000000-Pre-Dose PANCREAS - 1-902.4,2026-10-07T00:18:02.006
1.2.826.0.1.534147.667.2747872357.20234258320937.4,CPTAC-PDA,yes,https://doi.org/10.7937/BW9VBX61,C3L-03126,1.3.6.1.4.1.14519.5.2.1.1078.3273.744795280375184380316150258260,CT ABDOMEN AND PELVIS ANGIOGRAMAB,04-29-2004,Pre-Dose RIGHT KIDNEY - 1 - SEED POINT,Open Health Imaging Foundation,RTSTRUCT,RT Structure Set Storage,1.2.840.10008.5.1.4.1.1.481.3,1,3.86 KB,.\CPTAC-PDA\C3L-03126\04-29-2004-NA-CT ABDOMEN AND PELVIS ANGIOGRAMAB-58260\2.000000-Pre-Dose RIGHT KIDNEY - 1 - SEED POINT-937.4,2026-10-07T00:18:03.144
1.2.826.0.1.534147.667.2747872357.202342583243172.4,CPTAC-PDA,yes,https://doi.org/10.7937/BW9VBX61,C3L-03126,1.3.6.1.4.1.14519.5.2.1.1078.3273.744795280375184380316150258260,CT ABDOMEN AND PELVIS ANGIOGRAMAB,04-29-2004,Pre-Dose PANCREAS - 1 - SEED POINT,Open Health Imaging Foundation,RTSTRUCT,RT Structure Set Storage,1.2.840.10008.5.1.4.1.1.481.3,1,3.85 KB,.\CPTAC-PDA\C3L-03126\04-29-2004-NA-CT ABDOMEN AND PELVIS ANGIOGRAMAB-58260\2.000000-Pre-Dose PANCREAS - 1 - SEED POINT-172.4,2026-10-07T00:18:04.475
1.2.826.0.1.534147.667.2747872357.202342583347485.4,CPTAC-PDA,yes,https://doi.org/10.7937/BW9VBX61,C3L-03126,1.3.6.1.4.1.14519.5.2.1.1078.3273.744795280375184380316150258260,CT ABDOMEN AND PELVIS ANGIOGRAMAB,04-29-2004,Pre-Dose RIGHT KIDNEY - 1,Open Health Imaging Foundation,RTSTRUCT,RT Structure Set Storage,1.2.840.10008.5.1.4.1.1.481.3,1,13.57 KB,.\CPTAC-PDA\C3L-03126\04-29-2004-NA-CT ABDOMEN AND PELVIS ANGIOGRAMAB-58260\605.000000-Pre-Dose RIGHT KIDNEY - 1-485.4,2026-10-07T00:18:05.597
1.2.826.0.1.534147.667.2747872357.202342583356356,CPTAC-PDA,yes,https://doi.org/10.7937/BW9VBX61,C3L-03126,1.3.6.1.4.1.14519.5.2.1.1078.3273.744795280375184380316150258260,CT ABDOMEN AND PELVIS ANGIOGRAMAB,04-29-2004,Pre-Dose RIGHT KIDNEY - 1 - SEED POINT,Open Health Imaging Foundation,RTSTRUCT,RT Structure Set Storage,1.2.840.10008.5.1.4.1.1.481.3,1,3.85 KB,.\CPTAC-PDA\C3L-03126\04-29-2004-NA-CT ABDOMEN AND PELVIS ANGIOGRAMAB-58260\605.000000-Pre-Dose RIGHT KIDNEY - 1 - SEED POINT-56356,2026-10-07T00:18:06.213
1.2.826.0.1.534147.667.2747872357.20234258322943.4,CPTAC-PDA,yes,https://doi.org/10.7937/BW9VBX61,C3L-03126,1.3.6.1.4.1.14519.5.2.1.1078.3273.744795280375184380316150258260,CT ABDOMEN AND PELVIS ANGIOGRAMAB,04-29-2004,Pre-Dose PANCREAS - 1,Open Health Imaging Foundation,RTSTRUCT,RT Structure Set Storage,1.2.840.10008.5.1.4.1.1.481.3,1,284.93 KB,.\CPTAC-PDA\C3L-03126\04-29-2004-NA-CT ABDOMEN AND PELVIS ANGIOGRAMAB-58260\2.000000-Pre-Dose PANCREAS - 1-943.4,2026-10-07T00:18:07.742
1.2.826.0.1.534147.667.2747872357.202342583417941.4,CPTAC-PDA,yes,https://doi.org/10.7937/BW9VBX61,C3L-03126,1.3.6.1.4.1.14519.5.2.1.1078.3273.744795280375184380316150258260,CT ABDOMEN AND PELVIS ANGIOGRAMAB,04-29-2004,Pre-Dose PANCREAS - 1 - SEED POINT,Open Health Imaging Foundation,RTSTRUCT,RT Structure Set Storage,1.2.840.10008.5.1.4.1.1.481.3,1,3.84 KB,.\CPTAC-PDA\C3L-03126\04-29-2004-NA-CT ABDOMEN AND PELVIS ANGIOGRAMAB-58260\605.000000-Pre-Dose PANCREAS - 1 - SEED POINT-941.4,2026-10-07T00:18:07.748
1.2.826.0.1.534147.667.2747872357.202342583411482.4,CPTAC-PDA,yes,https://doi.org/10.7937/BW9VBX61,C3L-03126,1.3.6.1.4.1.14519.5.2.1.1078.3273.744795280375184380316150258260,CT ABDOMEN AND PELVIS ANGIOGRAMAB,04-29-2004,Pre-Dose PANCREAS - 1,Open Health Imaging Foundation,RTSTRUCT,RT Structure Set Storage,1.2.840.10008.5.1.4.1.1.481.3,1,53.91 KB,.\CPTAC-PDA\C3L-03126\04-29-2004-NA-CT ABDOMEN AND PELVIS ANGIOGRAMAB-58260\605.000000-Pre-Dose PANCREAS - 1-482.4,2026-10-07T00:18:08.038
1.2.826.0.1.534147.667.2747872357.202341942253730.4,CPTAC-PDA,yes,https://doi.org/10.7937/BW9VBX61,C3L-03129,1.3.6.1.4.1.14519.5.2.1.1078.3273.640735449193782945076350642934,MR ABDOMEN NONENHANCED  ENHANCEDAB,05-29-2004,Pre-Dose PANCREAS - 2 - SEED POINT,Open Health Imaging Foundation,RTSTRUCT,RT Structure Set Storage,1.2.840.10008.5.1.4.1.1.481.3,1,3.85 KB,.\CPTAC-PDA\C3L-03129\05-29-2004-NA-MR ABDOMEN NONENHANCED  ENHANCEDAB-42934\16.000000-Pre-Dose PANCREAS - 2 - SEED POINT-730.4,2026-10-07T00:18:09.164
1.2.826.0.1.534147.667.2747872357.202341942245236.4,CPTAC-PDA,yes,https://doi.org/10.7937/BW9VBX61,C3L-03129,1.3.6.1.4.1.14519.5.2.1.1078.3273.640735449193782945076350642934,MR ABDOMEN NONENHANCED  ENHANCEDAB,05-29-2004,Pre-Dose PANCREAS - 2,Open Health Imaging Foundation,RTSTRUCT,RT Structure Set Storage,1.2.840.10008.5.1.4.1.1.481.3,1,20.45 KB,.\CPTAC-PDA\C3L-03129\05-29-2004-NA-MR ABDOMEN NONENHANCED  ENHANCEDAB-42934\16.000000-Pre-Dose PANCREAS - 2-236.4,2026-10-07T00:18:09.364
1.2.826.0.1.534147.667.2747872357.202341292246952,CPTAC-PDA,yes,https://doi.org/10.7937/BW9VBX61,C3L-03348,1.3.6.1.4.1.14519.5.2.1.1078.3273.380523214062730373847513768048,MR ABDOMEN - CONTRASTAB,05-21-2004,Pre-Dose RETROPERITONEAL LYMPH NODE - 1,Open Health Imaging Foundation,RTSTRUCT,RT Structure Set Storage,1.2.840.10008.5.1.4.1.1.481.3,1,61.69 KB,.\CPTAC-PDA\C3L-03348\05-21-2004-NA-MR ABDOMEN - CONTRASTAB-68048\1102.000000-Pre-Dose RETROPERITONEAL LYMPH NODE - 1-46952,2026-10-07T00:18:10.918
1.2.826.0.1.534147.667.2747872357.20234129237530.4,CPTAC-PDA,yes,https://doi.org/10.7937/BW9VBX61,C3L-03348,1.3.6.1.4.1.14519.5.2.1.1078.3273.380523214062730373847513768048,MR ABDOMEN - CONTRASTAB,05-21-2004,Pre-Dose RETROPERITONEAL LYMPH NODE - 1 - SEED POINT,Open Health Imaging Foundation,RTSTRUCT,RT Structure Set Storage,1.2.840.10008.5.1.4.1.1.481.3,1,3.95 KB,.\CPTAC-PDA\C3L-03348\05-21-2004-NA-MR ABDOMEN - CONTRASTAB-68048\1102.000000-Pre-Dose RETROPERITONEAL LYMPH NODE - 1 - SEED POINT-530.4,2026-10-07T00:18:11.237
1.2.826.0.1.534147.667.2747872357.20234258317565.4,CPTAC-PDA,yes,https://doi.org/10.7937/BW9VBX61,C3L-03348,1.3.6.1.4.1.14519.5.2.1.1078.3273.380523214062730373847513768048,MR ABDOMEN - CONTRASTAB,05-21-2004,Pre-Dose PANCREAS - 2,Open Health Imaging Foundation,RTSTRUCT,RT Structure Set Storage,1.2.840.10008.5.1.4.1.1.481.3,1,50.72 KB,.\CPTAC-PDA\C3L-03348\05-21-2004-NA-MR ABDOMEN - CONTRASTAB-68048\1100.000000-Pre-Dose PANCREAS - 2-565.4,2026-10-07T00:18:12.14
1.2.826.0.1.534147.667.2747872357.20234258323546.4,CPTAC-PDA,yes,https://doi.org/10.7937/BW9VBX61,C3L-03348,1.3.6.1.4.1.14519.5.2.1.1078.3273.380523214062730373847513768048,MR ABDOMEN - CONTRASTAB,05-21-2004,Pre-Dose PANCREAS - 2 - SEED POINT,Open Health Imaging Foundation,RTSTRUCT,RT Structure Set Storage,1.2.840.10008.5.1.4.1.1.481.3,1,3.87 KB,.\CPTAC-PDA\C3L-03348\05-21-2004-NA-MR ABDOMEN - CONTRASTAB-68048\1100.000000-Pre-Dose PANCREAS - 2 - SEED POINT-546.4,2026-10-07T00:18:12.238
1.2.826.0.1.534147.667.2747872357.202341285840510.4,CPTAC-PDA,yes,https://doi.org/10.7937/BW9VBX61,C3L-03348,1.3.6.1.4.1.14519.5.2.1.1078.3707.888572975372607996946072619086,CT ABDOMEN - AUGMENTAB,05-16-2004,Pre-Dose RETROPERITONEAL LYMPH NODE - 1,Open Health Imaging Foundation,RTSTRUCT,RT Structure Set Storage,1.2.840.10008.5.1.4.1.1.481.3,1,30.92 KB,.\CPTAC-PDA\C3L-03348\05-16-2004-NA-CT ABDOMEN - AUGMENTAB-19086\7.000000-Pre-Dose RETROPERITONEAL LYMPH NODE - 1-510.4,2026-10-07T00:18:12.875
1.2.826.0.1.534147.756.812677238.2023216112730615.4,CPTAC-PDA,yes,https://doi.org/10.7937/BW9VBX61,C3L-03348,1.3.6.1.4.1.14519.5.2.1.1078.3707.888572975372607996946072619086,CT ABDOMEN - AUGMENTAB,05-16-2004,Pre-Dose PANCREAS - 1 - SEED POINT,Open Health Imaging Foundation,RTSTRUCT,RT Structure Set Storage,1.2.840.10008.5.1.4.1.1.481.3,1,3.84 KB,.\CPTAC-PDA\C3L-03348\05-16-2004-NA-CT ABDOMEN - AUGMENTAB-19086\7.000000-Pre-Dose PANCREAS - 1 - SEED POINT-615.4,2026-10-07T00:18:13.558
1.2.826.0.1.534147.667.2747872357.20234128591013.4,CPTAC-PDA,yes,https://doi.org/10.7937/BW9VBX61,C3L-03348,1.3.6.1.4.1.14519.5.2.1.1078.3707.888572975372607996946072619086,CT ABDOMEN - AUGMENTAB,05-16-2004,Pre-Dose RETROPERITONEAL LYMPH NODE - 1 - SEED POINT,Open Health Imaging Foundation,RTSTRUCT,RT Structure Set Storage,1.2.840.10008.5.1.4.1.1.481.3,1,3.92 KB,.\CPTAC-PDA\C3L-03348\05-16-2004-NA-CT ABDOMEN - AUGMENTAB-19086\7.000000-Pre-Dose RETROPERITONEAL LYMPH NODE - 1 - SEED POINT-013.4,2026-10-07T00:18:13.613
1.2.826.0.1.534147.756.812677238.202321611274669.4,CPTAC-PDA,yes,https://doi.org/10.7937/BW9VBX61,C3L-03348,1.3.6.1.4.1.14519.5.2.1.1078.3707.888572975372607996946072619086,CT ABDOMEN - AUGMENTAB,05-16-2004,Pre-Dose PANCREAS - 1,Open Health Imaging Foundation,RTSTRUCT,RT Structure Set Storage,1.2.840.10008.5.1.4.1.1.481.3,1,18.78 KB,.\CPTAC-PDA\C3L-03348\05-16-2004-NA-CT ABDOMEN - AUGMENTAB-19086\7.000000-Pre-Dose PANCREAS - 1-669.4,2026-10-07T00:18:14.805
1.2.826.0.1.534147.667.2747872357.202342583917620.4,CPTAC-PDA,yes,https://doi.org/10.7937/BW9VBX61,C3L-03350,1.3.6.1.4.1.14519.5.2.1.1078.3273.126512275858764206644486954375,CT CHEST ABDOMEN  PELVIS ENHANCEDAB,05-21-2004,Pre-Dose PANCREAS - 1 - SEED POINT,Open Health Imaging Foundation,RTSTRUCT,RT Structure Set Storage,1.2.840.10008.5.1.4.1.1.481.3,1,3.84 KB,.\CPTAC-PDA\C3L-03350\05-21-2004-NA-CT CHEST ABDOMEN  PELVIS ENHANCEDAB-54375\606.000000-Pre-Dose PANCREAS - 1 - SEED POINT-620.4,2026-10-07T00:18:15.405
1.2.826.0.1.534147.667.2747872357.20234258399314.4,CPTAC-PDA,yes,https://doi.org/10.7937/BW9VBX61,C3L-03350,1.3.6.1.4.1.14519.5.2.1.1078.3273.126512275858764206644486954375,CT CHEST ABDOMEN  PELVIS ENHANCEDAB,05-21-2004,Pre-Dose PANCREAS - 1,Open Health Imaging Foundation,RTSTRUCT,RT Structure Set Storage,1.2.840.10008.5.1.4.1.1.481.3,1,53.19 KB,.\CPTAC-PDA\C3L-03350\05-21-2004-NA-CT CHEST ABDOMEN  PELVIS ENHANCEDAB-54375\606.000000-Pre-Dose PANCREAS - 1-314.4,2026-10-07T00:18:16.055
1.2.826.0.1.534147.667.2747872357.202342584155817.4,CPTAC-PDA,yes,https://doi.org/10.7937/BW9VBX61,C3L-03350,1.3.6.1.4.1.14519.5.2.1.1078.3273.126512275858764206644486954375,CT CHEST ABDOMEN  PELVIS ENHANCEDAB,05-21-2004,Pre-Dose PANCREAS - 2 - SEED POINT,Open Health Imaging Foundation,RTSTRUCT,RT Structure Set Storage,1.2.840.10008.5.1.4.1.1.481.3,1,3.84 KB,.\CPTAC-PDA\C3L-03350\05-21-2004-NA-CT CHEST ABDOMEN  PELVIS ENHANCEDAB-54375\610.000000-Pre-Dose PANCREAS - 2 - SEED POINT-817.4,2026-10-07T00:18:17.373
1.2.826.0.1.534147.667.2747872357.202342584054848.4,CPTAC-PDA,yes,https://doi.org/10.7937/BW9VBX61,C3L-03350,1.3.6.1.4.1.14519.5.2.1.1078.3273.126512275858764206644486954375,CT CHEST ABDOMEN  PELVIS ENHANCEDAB,05-21-2004,Pre-Dose PANCREAS - 1,Open Health Imaging Foundation,RTSTRUCT,RT Structure Set Storage,1.2.840.10008.5.1.4.1.1.481.3,1,62.11 KB,.\CPTAC-PDA\C3L-03350\05-21-2004-NA-CT CHEST ABDOMEN  PELVIS ENHANCEDAB-54375\610.000000-Pre-Dose PANCREAS - 1-848.4,2026-10-07T00:18:17.625
1.2.826.0.1.534147.667.2747872357.202342584147492.4,CPTAC-PDA,yes,https://doi.org/10.7937/BW9VBX61,C3L-03350,1.3.6.1.4.1.14519.5.2.1.1078.3273.126512275858764206644486954375,CT CHEST ABDOMEN  PELVIS ENHANCEDAB,05-21-2004,Pre-Dose PANCREAS - 2,Open Health Imaging Foundation,RTSTRUCT,RT Structure Set Storage,1.2.840.10008.5.1.4.1.1.481.3,1,81.19 KB,.\CPTAC-PDA\C3L-03350\05-21-2004-NA-CT CHEST ABDOMEN  PELVIS ENHANCEDAB-54375\610.000000-Pre-Dose PANCREAS - 2-492.4,2026-10-07T00:18:18.519
1.2.826.0.1.534147.667.2747872357.20234258415647.4,CPTAC-PDA,yes,https://doi.org/10.7937/BW9VBX61,C3L-03350,1.3.6.1.4.1.14519.5.2.1.1078.3273.126512275858764206644486954375,CT CHEST ABDOMEN  PELVIS ENHANCEDAB,05-21-2004,Pre-Dose PANCREAS - 1 - SEED POINT,Open Health Imaging Foundation,RTSTRUCT,RT Structure Set Storage,1.2.840.10008.5.1.4.1.1.481.3,1,3.83 KB,.\CPTAC-PDA\C3L-03350\05-21-2004-NA-CT CHEST ABDOMEN  PELVIS ENHANCEDAB-54375\610.000000-Pre-Dose PANCREAS - 1 - SEED POINT-647.4,2026-10-07T00:18:18.814
1.2.826.0.1.534147.667.2747872357.202342584247863,CPTAC-PDA,yes,https://doi.org/10.7937/BW9VBX61,C3L-03350,1.3.6.1.4.1.14519.5.2.1.1078.3273.126512275858764206644486954375,CT CHEST ABDOMEN  PELVIS ENHANCEDAB,05-21-2004,Pre-Dose PANCREAS - 2 - SEED POINT,Open Health Imaging Foundation,RTSTRUCT,RT Structure Set Storage,1.2.840.10008.5.1.4.1.1.481.3,1,3.84 KB,.\CPTAC-PDA\C3L-03350\05-21-2004-NA-CT CHEST ABDOMEN  PELVIS ENHANCEDAB-54375\606.000000-Pre-Dose PANCREAS - 2 - SEED POINT-47863,2026-10-07T00:18:20.26
1.2.826.0.1.534147.667.2747872357.202342584240107.4,CPTAC-PDA,yes,https://doi.org/10.7937/BW9VBX61,C3L-03350,1.3.6.1.4.1.14519.5.2.1.1078.3273.126512275858764206644486954375,CT CHEST ABDOMEN  PELVIS ENHANCEDAB,05-21-2004,Pre-Dose PANCREAS - 2,Open Health Imaging Foundation,RTSTRUCT,RT Structure Set Storage,1.2.840.10008.5.1.4.1.1.481.3,1,69.19 KB,.\CPTAC-PDA\C3L-03350\05-21-2004-NA-CT CHEST ABDOMEN  PELVIS ENHANCEDAB-54375\606.000000-Pre-Dose PANCREAS - 2-107.4,2026-10-07T00:18:20.694
1.2.826.0.1.534147.756.812677238.2023216122446266.4,CPTAC-PDA,yes,https://doi.org/10.7937/BW9VBX61,C3L-03350,1.3.6.1.4.1.14519.5.2.1.1078.3273.126512275858764206644486954375,CT CHEST ABDOMEN  PELVIS ENHANCEDAB,05-21-2004,Pre-Dose No Findings,Open Health Imaging Foundation,RTSTRUCT,RT Structure Set Storage,1.2.840.10008.5.1.4.1.1.481.3,1,3.20 KB,.\CPTAC-PDA\C3L-03350\05-21-2004-NA-CT CHEST ABDOMEN  PELVIS ENHANCEDAB-54375\617.000000-Pre-Dose No Findings-266.4,2026-10-07T00:18:20.694
1.2.826.0.1.534147.756.812677238.2023216123450264.4,CPTAC-PDA,yes,https://doi.org/10.7937/BW9VBX61,C3L-03356,1.3.6.1.4.1.14519.5.2.1.1078.3273.100521515901417319874859223746,CT CHESTABDPELVIS AUGMENTCH,06-24-2004,Pre-Dose PANCREATIC DUCT - 1 - SEED POINT,Open Health Imaging Foundation,RTSTRUCT,RT Structure Set Storage,1.2.840.10008.5.1.4.1.1.481.3,1,3.87 KB,.\CPTAC-PDA\C3L-03356\06-24-2004-NA-CT CHESTABDPELVIS AUGMENTCH-23746\6.000000-Pre-Dose PANCREATIC DUCT - 1 - SEED POINT-264.4,2026-10-07T00:18:22.226
1.2.826.0.1.534147.756.812677238.2023216123435537.4,CPTAC-PDA,yes,https://doi.org/10.7937/BW9VBX61,C3L-03356,1.3.6.1.4.1.14519.5.2.1.1078.3273.100521515901417319874859223746,CT CHESTABDPELVIS AUGMENTCH,06-24-2004,Pre-Dose PANCREATIC DUCT - 1,Open Health Imaging Foundation,RTSTRUCT,RT Structure Set Storage,1.2.840.10008.5.1.4.1.1.481.3,1,57.50 KB,.\CPTAC-PDA\C3L-03356\06-24-2004-NA-CT CHESTABDPELVIS AUGMENTCH-23746\6.000000-Pre-Dose PANCREATIC DUCT - 1-537.4,2026-10-07T00:18:22.752
1.2.826.0.1.534147.667.2747872357.202342581012741.4,CPTAC-PDA,yes,https://doi.org/10.7937/BW9VBX61,C3L-03622,1.3.6.1.4.1.14519.5.2.1.1078.3273.161967304009510798824360936619,CT ABDOMEN  PELVIS AUGMENTEDAB,08-17-2004,Pre-Dose LEFT ADRENAL GLAND - 1,Open Health Imaging Foundation,RTSTRUCT,RT Structure Set Storage,1.2.840.10008.5.1.4.1.1.481.3,1,45.92 KB,.\CPTAC-PDA\C3L-03622\08-17-2004-NA-CT ABDOMEN  PELVIS AUGMENTEDAB-36619\3.000000-Pre-Dose LEFT ADRENAL GLAND - 1-741.4,2026-10-07T00:18:22.774
1.2.826.0.1.534147.667.2747872357.202342581021964.4,CPTAC-PDA,yes,https://doi.org/10.7937/BW9VBX61,C3L-03622,1.3.6.1.4.1.14519.5.2.1.1078.3273.161967304009510798824360936619,CT ABDOMEN  PELVIS AUGMENTEDAB,08-17-2004,Pre-Dose LEFT ADRENAL GLAND - 1 - SEED POINT,Open Health Imaging Foundation,RTSTRUCT,RT Structure Set Storage,1.2.840.10008.5.1.4.1.1.481.3,1,3.88 KB,.\CPTAC-PDA\C3L-03622\08-17-2004-NA-CT ABDOMEN  PELVIS AUGMENTEDAB-36619\3.000000-Pre-Dose LEFT ADRENAL GLAND - 1 - SEED POINT-964.4,2026-10-07T00:18:23.723
1.2.826.0.1.534147.667.2747872357.20234258102880,CPTAC-PDA,yes,https://doi.org/10.7937/BW9VBX61,C3L-03622,1.3.6.1.4.1.14519.5.2.1.1078.3273.161967304009510798824360936619,CT ABDOMEN  PELVIS AUGMENTEDAB,08-17-2004,Pre-Dose PANCREAS - 2 - SEED POINT,Open Health Imaging Foundation,RTSTRUCT,RT Structure Set Storage,1.2.840.10008.5.1.4.1.1.481.3,1,3.84 KB,.\CPTAC-PDA\C3L-03622\08-17-2004-NA-CT ABDOMEN  PELVIS AUGMENTEDAB-36619\3.000000-Pre-Dose PANCREAS - 2 - SEED POINT-02880,2026-10-07T00:18:24.154
1.2.826.0.1.534147.667.2747872357.20234258951395.4,CPTAC-PDA,yes,https://doi.org/10.7937/BW9VBX61,C3L-03622,1.3.6.1.4.1.14519.5.2.1.1078.3273.161967304009510798824360936619,CT ABDOMEN  PELVIS AUGMENTEDAB,08-17-2004,Pre-Dose PANCREAS - 2,Open Health Imaging Foundation,RTSTRUCT,RT Structure Set Storage,1.2.840.10008.5.1.4.1.1.481.3,1,36.21 KB,.\CPTAC-PDA\C3L-03622\08-17-2004-NA-CT ABDOMEN  PELVIS AUGMENTEDAB-36619\3.000000-Pre-Dose PANCREAS - 2-395.4,2026-10-07T00:18:24.447
1.2.826.0.1.534147.667.2747872357.202341942548351.4,CPTAC-PDA,yes,https://doi.org/10.7937/BW9VBX61,C3L-03624,1.3.6.1.4.1.14519.5.2.1.1078.3273.169235434741974313451821290484,CT ABDOMEN NONENH  ENHANCEDAB,09-23-2004,Pre-Dose PANCREAS - 2 - SEED POINT,Open Health Imaging Foundation,RTSTRUCT,RT Structure Set Storage,1.2.840.10008.5.1.4.1.1.481.3,1,3.85 KB,.\CPTAC-PDA\C3L-03624\09-23-2004-NA-CT ABDOMEN NONENH  ENHANCEDAB-90484\6.000000-Pre-Dose PANCREAS - 2 - SEED POINT-351.4,2026-10-07T00:18:26.403
1.2.826.0.1.534147.667.2747872357.20234194254353.4,CPTAC-PDA,yes,https://doi.org/10.7937/BW9VBX61,C3L-03624,1.3.6.1.4.1.14519.5.2.1.1078.3273.169235434741974313451821290484,CT ABDOMEN NONENH  ENHANCEDAB,09-23-2004,Pre-Dose PANCREAS - 2,Open Health Imaging Foundation,RTSTRUCT,RT Structure Set Storage,1.2.840.10008.5.1.4.1.1.481.3,1,57.35 KB,.\CPTAC-PDA\C3L-03624\09-23-2004-NA-CT ABDOMEN NONENH  ENHANCEDAB-90484\6.000000-Pre-Dose PANCREAS - 2-353.4,2026-10-07T00:18:26.991
1.2.826.0.1.534147.667.2747872357.20234194258540.4,CPTAC-PDA,yes,https://doi.org/10.7937/BW9VBX61,C3L-03624,1.3.6.1.4.1.14519.5.2.1.1078.3273.169235434741974313451821290484,CT ABDOMEN NONENH  ENHANCEDAB,09-23-2004,Pre-Dose PANCREAS - 2 - SEED POINT,Open Health Imaging Foundation,RTSTRUCT,RT Structure Set Storage,1.2.840.10008.5.1.4.1.1.481.3,1,3.84 KB,.\CPTAC-PDA\C3L-03624\09-23-2004-NA-CT ABDOMEN NONENH  ENHANCEDAB-90484\5.000000-Pre-Dose PANCREAS - 2 - SEED POINT-540.4,2026-10-07T00:18:27.814
1.2.826.0.1.534147.667.2747872357.20234194250761.4,CPTAC-PDA,yes,https://doi.org/10.7937/BW9VBX61,C3L-03624,1.3.6.1.4.1.14519.5.2.1.1078.3273.169235434741974313451821290484,CT ABDOMEN NONENH  ENHANCEDAB,09-23-2004,Pre-Dose PANCREAS - 2,Open Health Imaging Foundation,RTSTRUCT,RT Structure Set Storage,1.2.840.10008.5.1.4.1.1.481.3,1,82.68 KB,.\CPTAC-PDA\C3L-03624\09-23-2004-NA-CT ABDOMEN NONENH  ENHANCEDAB-90484\5.000000-Pre-Dose PANCREAS - 2-761.4,2026-10-07T00:18:28.32
1.2.826.0.1.534147.667.2747872357.202342581415348.4,CPTAC-PDA,yes,https://doi.org/10.7937/BW9VBX61,C3L-03628,1.3.6.1.4.1.14519.5.2.1.1078.3273.228965519106689967722048482362,CT ABDOMEN  PELVIS ENHANCEDAB,09-12-2004,Pre-Dose PANCREAS - 1 - SEED POINT,Open Health Imaging Foundation,RTSTRUCT,RT Structure Set Storage,1.2.840.10008.5.1.4.1.1.481.3,1,3.83 KB,.\CPTAC-PDA\C3L-03628\09-12-2004-NA-CT ABDOMEN  PELVIS ENHANCEDAB-82362\605.000000-Pre-Dose PANCREAS - 1 - SEED POINT-348.4,2026-10-07T00:18:28.707
1.2.826.0.1.534147.667.2747872357.202342581423987.4,CPTAC-PDA,yes,https://doi.org/10.7937/BW9VBX61,C3L-03628,1.3.6.1.4.1.14519.5.2.1.1078.3273.228965519106689967722048482362,CT ABDOMEN  PELVIS ENHANCEDAB,09-12-2004,Pre-Dose LIVER - 1,Open Health Imaging Foundation,RTSTRUCT,RT Structure Set Storage,1.2.840.10008.5.1.4.1.1.481.3,1,10.14 KB,.\CPTAC-PDA\C3L-03628\09-12-2004-NA-CT ABDOMEN  PELVIS ENHANCEDAB-82362\605.000000-Pre-Dose LIVER - 1-987.4,2026-10-07T00:18:29.27
1.2.826.0.1.534147.667.2747872357.202342581431993.4,CPTAC-PDA,yes,https://doi.org/10.7937/BW9VBX61,C3L-03628,1.3.6.1.4.1.14519.5.2.1.1078.3273.228965519106689967722048482362,CT ABDOMEN  PELVIS ENHANCEDAB,09-12-2004,Pre-Dose LIVER - 1 - SEED POINT,Open Health Imaging Foundation,RTSTRUCT,RT Structure Set Storage,1.2.840.10008.5.1.4.1.1.481.3,1,3.81 KB,.\CPTAC-PDA\C3L-03628\09-12-2004-NA-CT ABDOMEN  PELVIS ENHANCEDAB-82362\605.000000-Pre-Dose LIVER - 1 - SEED POINT-993.4,2026-10-07T00:18:29.756
1.2.826.0.1.534147.667.2747872357.20234258145484.4,CPTAC-PDA,yes,https://doi.org/10.7937/BW9VBX61,C3L-03628,1.3.6.1.4.1.14519.5.2.1.1078.3273.228965519106689967722048482362,CT ABDOMEN  PELVIS ENHANCEDAB,09-12-2004,Pre-Dose PANCREAS - 1,Open Health Imaging Foundation,RTSTRUCT,RT Structure Set Storage,1.2.840.10008.5.1.4.1.1.481.3,1,21.97 KB,.\CPTAC-PDA\C3L-03628\09-12-2004-NA-CT ABDOMEN  PELVIS ENHANCEDAB-82362\605.000000-Pre-Dose PANCREAS - 1-484.4,2026-10-07T00:18:30.38
1.2.826.0.1.534147.667.2747872357.202342581518842.4,CPTAC-PDA,yes,https://doi.org/10.7937/BW9VBX61,C3L-03628,1.3.6.1.4.1.14519.5.2.1.1078.3273.228965519106689967722048482362,CT ABDOMEN  PELVIS ENHANCEDAB,09-12-2004,Pre-Dose LIVER - 1,Open Health Imaging Foundation,RTSTRUCT,RT Structure Set Storage,1.2.840.10008.5.1.4.1.1.481.3,1,8.84 KB,.\CPTAC-PDA\C3L-03628\09-12-2004-NA-CT ABDOMEN  PELVIS ENHANCEDAB-82362\608.000000-Pre-Dose LIVER - 1-842.4,2026-10-07T00:18:30.654
1.2.826.0.1.534147.667.2747872357.202342581526792,CPTAC-PDA,yes,https://doi.org/10.7937/BW9VBX61,C3L-03628,1.3.6.1.4.1.14519.5.2.1.1078.3273.228965519106689967722048482362,CT ABDOMEN  PELVIS ENHANCEDAB,09-12-2004,Pre-Dose LIVER - 1 - SEED POINT,Open Health Imaging Foundation,RTSTRUCT,RT Structure Set Storage,1.2.840.10008.5.1.4.1.1.481.3,1,3.81 KB,.\CPTAC-PDA\C3L-03628\09-12-2004-NA-CT ABDOMEN  PELVIS ENHANCEDAB-82362\608.000000-Pre-Dose LIVER - 1 - SEED POINT-26792,2026-10-07T00:18:31
1.2.826.0.1.534147.667.2747872357.202342581541957.4,CPTAC-PDA,yes,https://doi.org/10.7937/BW9VBX61,C3L-03628,1.3.6.1.4.1.14519.5.2.1.1078.3273.228965519106689967722048482362,CT ABDOMEN  PELVIS ENHANCEDAB,09-12-2004,Pre-Dose PANCREAS - 1,Open Health Imaging Foundation,RTSTRUCT,RT Structure Set Storage,1.2.840.10008.5.1.4.1.1.481.3,1,16.78 KB,.\CPTAC-PDA\C3L-03628\09-12-2004-NA-CT ABDOMEN  PELVIS ENHANCEDAB-82362\608.000000-Pre-Dose PANCREAS - 1-957.4,2026-10-07T00:18:31.923
1.2.826.0.1.534147.667.2747872357.202342581550613.4,CPTAC-PDA,yes,https://doi.org/10.7937/BW9VBX61,C3L-03628,1.3.6.1.4.1.14519.5.2.1.1078.3273.228965519106689967722048482362,CT ABDOMEN  PELVIS ENHANCEDAB,09-12-2004,Pre-Dose PANCREAS - 1 - SEED POINT,Open Health Imaging Foundation,RTSTRUCT,RT Structure Set Storage,1.2.840.10008.5.1.4.1.1.481.3,1,3.83 KB,.\CPTAC-PDA\C3L-03628\09-12-2004-NA-CT ABDOMEN  PELVIS ENHANCEDAB-82362\608.000000-Pre-Dose PANCREAS - 1 - SEED POINT-613.4,2026-10-07T00:18:32.368
1.2.826.0.1.534147.756.812677238.202321755519975.4,CPTAC-PDA,yes,https://doi.org/10.7937/BW9VBX61,C3L-03629,1.3.6.1.4.1.14519.5.2.1.1078.3273.307699788285078459270570839481,CT ABDOMEN  PELVIS ENHANCEDAB,10-22-2004,Post-Chemotherapy 1 No Findings,Open Health Imaging Foundation,RTSTRUCT,RT Structure Set Storage,1.2.840.10008.5.1.4.1.1.481.3,1,3.25 KB,.\CPTAC-PDA\C3L-03629\10-22-2004-NA-CT ABDOMEN  PELVIS ENHANCEDAB-39481\303.000000-Post-Chemotherapy 1 No Findings-975.4,2026-10-07T00:18:33.298
1.2.826.0.1.534147.667.2747872357.2023419429364,CPTAC-PDA,yes,https://doi.org/10.7937/BW9VBX61,C3L-03629,1.3.6.1.4.1.14519.5.2.1.1078.3707.974181135008674706264638854682,CT ABDOMEN NONENH  ENHANCEDAB,09-16-2004,Pre-Dose PANCREAS - 1 - SEED POINT,Open Health Imaging Foundation,RTSTRUCT,RT Structure Set Storage,1.2.840.10008.5.1.4.1.1.481.3,1,3.84 KB,.\CPTAC-PDA\C3L-03629\09-16-2004-NA-CT ABDOMEN NONENH  ENHANCEDAB-54682\5.000000-Pre-Dose PANCREAS - 1 - SEED POINT-29364,2026-10-07T00:18:33.9
1.2.826.0.1.534147.667.2747872357.202341942853753.4,CPTAC-PDA,yes,https://doi.org/10.7937/BW9VBX61,C3L-03629,1.3.6.1.4.1.14519.5.2.1.1078.3707.974181135008674706264638854682,CT ABDOMEN NONENH  ENHANCEDAB,09-16-2004,Pre-Dose PANCREAS - 1,Open Health Imaging Foundation,RTSTRUCT,RT Structure Set Storage,1.2.840.10008.5.1.4.1.1.481.3,1,25.68 KB,.\CPTAC-PDA\C3L-03629\09-16-2004-NA-CT ABDOMEN NONENH  ENHANCEDAB-54682\5.000000-Pre-Dose PANCREAS - 1-753.4,2026-10-07T00:18:34.475
1.2.826.0.1.534147.667.2747872357.202341942941693.4,CPTAC-PDA,yes,https://doi.org/10.7937/BW9VBX61,C3L-03629,1.3.6.1.4.1.14519.5.2.1.1078.3707.974181135008674706264638854682,CT ABDOMEN NONENH  ENHANCEDAB,09-16-2004,Pre-Dose PANCREAS - 1,Open Health Imaging Foundation,RTSTRUCT,RT Structure Set Storage,1.2.840.10008.5.1.4.1.1.481.3,1,23.13 KB,.\CPTAC-PDA\C3L-03629\09-16-2004-NA-CT ABDOMEN NONENH  ENHANCEDAB-54682\9.000000-Pre-Dose PANCREAS - 1-693.4,2026-10-07T00:18:34.871
1.2.826.0.1.534147.667.2747872357.202341942950541.4,CPTAC-PDA,yes,https://doi.org/10.7937/BW9VBX61,C3L-03629,1.3.6.1.4.1.14519.5.2.1.1078.3707.974181135008674706264638854682,CT ABDOMEN NONENH  ENHANCEDAB,09-16-2004,Pre-Dose PANCREAS - 1 - SEED POINT,Open Health Imaging Foundation,RTSTRUCT,RT Structure Set Storage,1.2.840.10008.5.1.4.1.1.481.3,1,3.85 KB,.\CPTAC-PDA\C3L-03629\09-16-2004-NA-CT ABDOMEN NONENH  ENHANCEDAB-54682\9.000000-Pre-Dose PANCREAS - 1 - SEED POINT-541.4,2026-10-07T00:18:35.238
1.2.826.0.1.534147.667.2747872357.202341562354629.4,CPTAC-PDA,yes,https://doi.org/10.7937/BW9VBX61,C3L-03632,1.3.6.1.4.1.14519.5.2.1.1078.3273.213095385495996797963206141380,CT ABDOMEN NONENH  ENHANCEDAB,12-23-2004,Pre-Dose PANCREAS - 1 - SEED POINT,Open Health Imaging Foundation,RTSTRUCT,RT Structure Set Storage,1.2.840.10008.5.1.4.1.1.481.3,1,3.85 KB,.\CPTAC-PDA\C3L-03632\12-23-2004-NA-CT ABDOMEN NONENH  ENHANCEDAB-41380\11.000000-Pre-Dose PANCREAS - 1 - SEED POINT-629.4,2026-10-07T00:18:36.116
1.2.826.0.1.534147.667.2747872357.202341563041593.4,CPTAC-PDA,yes,https://doi.org/10.7937/BW9VBX61,C3L-03632,1.3.6.1.4.1.14519.5.2.1.1078.3273.213095385495996797963206141380,CT ABDOMEN NONENH  ENHANCEDAB,12-23-2004,Pre-Dose PANCREAS - 1 - SEED POINT,Open Health Imaging Foundation,RTSTRUCT,RT Structure Set Storage,1.2.840.10008.5.1.4.1.1.481.3,1,3.85 KB,.\CPTAC-PDA\C3L-03632\12-23-2004-NA-CT ABDOMEN NONENH  ENHANCEDAB-41380\6.000000-Pre-Dose PANCREAS - 1 - SEED POINT-593.4,2026-10-07T00:18:37.438
1.2.826.0.1.534147.667.2747872357.20234156233728.4,CPTAC-PDA,yes,https://doi.org/10.7937/BW9VBX61,C3L-03632,1.3.6.1.4.1.14519.5.2.1.1078.3273.213095385495996797963206141380,CT ABDOMEN NONENH  ENHANCEDAB,12-23-2004,Pre-Dose PANCREAS - 1,Open Health Imaging Foundation,RTSTRUCT,RT Structure Set Storage,1.2.840.10008.5.1.4.1.1.481.3,1,40.41 KB,.\CPTAC-PDA\C3L-03632\12-23-2004-NA-CT ABDOMEN NONENH  ENHANCEDAB-41380\11.000000-Pre-Dose PANCREAS - 1-728.4,2026-10-07T00:18:38.324
1.2.826.0.1.534147.756.812677238.202321762624545.4,CPTAC-PDA,yes,https://doi.org/10.7937/BW9VBX61,C3L-03639,1.3.6.1.4.1.14519.5.2.1.1078.3707.249966304594680029097984239242,CT ABDOMEN NONENH  ENHANCEDAB,01-04-2005,Pre-Dose PANCREAS - 1 - SEED POINT,Open Health Imaging Foundation,RTSTRUCT,RT Structure Set Storage,1.2.840.10008.5.1.4.1.1.481.3,1,3.85 KB,.\CPTAC-PDA\C3L-03639\01-04-2005-NA-CT ABDOMEN NONENH  ENHANCEDAB-39242\305.000000-Pre-Dose PANCREAS - 1 - SEED POINT-545.4,2026-10-07T00:18:38.979
1.2.826.0.1.534147.667.2747872357.202341563028732.4,CPTAC-PDA,yes,https://doi.org/10.7937/BW9VBX61,C3L-03632,1.3.6.1.4.1.14519.5.2.1.1078.3273.213095385495996797963206141380,CT ABDOMEN NONENH  ENHANCEDAB,12-23-2004,Pre-Dose PANCREAS - 1,Open Health Imaging Foundation,RTSTRUCT,RT Structure Set Storage,1.2.840.10008.5.1.4.1.1.481.3,1,56.32 KB,.\CPTAC-PDA\C3L-03632\12-23-2004-NA-CT ABDOMEN NONENH  ENHANCEDAB-41380\6.000000-Pre-Dose PANCREAS - 1-732.4,2026-10-07T00:18:39.898
1.2.826.0.1.534147.667.2747872357.202341943227395.4,CPTAC-PDA,yes,https://doi.org/10.7937/BW9VBX61,C3L-03639,1.3.6.1.4.1.14519.5.2.1.1078.3707.546849001950014237636370926456,CT CHEST ENHANCEDCH,01-04-2005,Pre-Dose No Findings,Open Health Imaging Foundation,RTSTRUCT,RT Structure Set Storage,1.2.840.10008.5.1.4.1.1.481.3,1,3.20 KB,.\CPTAC-PDA\C3L-03639\01-04-2005-NA-CT CHEST ENHANCEDCH-26456\4.000000-Pre-Dose No Findings-395.4,2026-10-07T00:18:41.11
1.2.826.0.1.534147.756.812677238.2023217791230.4,CPTAC-PDA,yes,https://doi.org/10.7937/BW9VBX61,C3L-03743,1.3.6.1.4.1.14519.5.2.1.2857.3273.199850902221729078177401620555,CT CHEST WO CONTRAST,01-11-2002,Pre-Dose No Findings,Open Health Imaging Foundation,RTSTRUCT,RT Structure Set Storage,1.2.840.10008.5.1.4.1.1.481.3,1,3.19 KB,.\CPTAC-PDA\C3L-03743\01-11-2002-NA-CT CHEST WO CONTRAST-20555\4.000000-Pre-Dose No Findings-230.4,2026-10-07T00:18:41.535
1.2.826.0.1.534147.756.812677238.20232176268251.4,CPTAC-PDA,yes,https://doi.org/10.7937/BW9VBX61,C3L-03639,1.3.6.1.4.1.14519.5.2.1.1078.3707.249966304594680029097984239242,CT ABDOMEN NONENH  ENHANCEDAB,01-04-2005,Pre-Dose PANCREAS - 1,Open Health Imaging Foundation,RTSTRUCT,RT Structure Set Storage,1.2.840.10008.5.1.4.1.1.481.3,1,9.65 KB,.\CPTAC-PDA\C3L-03639\01-04-2005-NA-CT ABDOMEN NONENH  ENHANCEDAB-39242\305.000000-Pre-Dose PANCREAS - 1-251.4,2026-10-07T00:18:41.736
1.2.826.0.1.534147.667.2747872357.202341565351315,CPTAC-PDA,yes,https://doi.org/10.7937/BW9VBX61,C3L-03743,1.3.6.1.4.1.14519.5.2.1.2857.3273.217658252544362628018391397434,CT ABDOMEN WOW CONTRAST,01-11-2002,Pre-Dose PANCREAS - 1,Open Health Imaging Foundation,RTSTRUCT,RT Structure Set Storage,1.2.840.10008.5.1.4.1.1.481.3,1,36.37 KB,.\CPTAC-PDA\C3L-03743\01-11-2002-NA-CT ABDOMEN WOW CONTRAST-97434\5.000000-Pre-Dose PANCREAS - 1-51315,2026-10-07T00:18:43.077
1.2.826.0.1.534147.667.2747872357.20234157618828.4,CPTAC-PDA,yes,https://doi.org/10.7937/BW9VBX61,C3L-03743,1.3.6.1.4.1.14519.5.2.1.2857.3273.217658252544362628018391397434,CT ABDOMEN WOW CONTRAST,01-11-2002,Pre-Dose PANCREAS - 1 - SEED POINT,Open Health Imaging Foundation,RTSTRUCT,RT Structure Set Storage,1.2.840.10008.5.1.4.1.1.481.3,1,3.84 KB,.\CPTAC-PDA\C3L-03743\01-11-2002-NA-CT ABDOMEN WOW CONTRAST-97434\7.000000-Pre-Dose PANCREAS - 1 - SEED POINT-828.4,2026-10-07T00:18:43.115
1.2.826.0.1.534147.667.2747872357.20234156547120.4,CPTAC-PDA,yes,https://doi.org/10.7937/BW9VBX61,C3L-03743,1.3.6.1.4.1.14519.5.2.1.2857.3273.217658252544362628018391397434,CT ABDOMEN WOW CONTRAST,01-11-2002,Pre-Dose PANCREAS - 1 - SEED POINT,Open Health Imaging Foundation,RTSTRUCT,RT Structure Set Storage,1.2.840.10008.5.1.4.1.1.481.3,1,3.84 KB,.\CPTAC-PDA\C3L-03743\01-11-2002-NA-CT ABDOMEN WOW CONTRAST-97434\5.000000-Pre-Dose PANCREAS - 1 - SEED POINT-120.4,2026-10-07T00:18:43.115
1.2.826.0.1.534147.667.2747872357.202341943641143.4,CPTAC-PDA,yes,https://doi.org/10.7937/BW9VBX61,C3L-04475,1.3.6.1.4.1.14519.5.2.1.1078.3273.174535023149352836233421279378,CT ABDOMEN  PELVIS ENHANCEDAB,03-05-2005,Pre-Dose PANCREAS - 2 - SEED POINT,Open Health Imaging Foundation,RTSTRUCT,RT Structure Set Storage,1.2.840.10008.5.1.4.1.1.481.3,1,3.85 KB,.\CPTAC-PDA\C3L-04475\03-05-2005-NA-CT ABDOMEN  PELVIS ENHANCEDAB-79378\3.000000-Pre-Dose PANCREAS - 2 - SEED POINT-143.4,2026-10-07T00:18:44.451
1.2.826.0.1.534147.667.2747872357.202341943631149,CPTAC-PDA,yes,https://doi.org/10.7937/BW9VBX61,C3L-04475,1.3.6.1.4.1.14519.5.2.1.1078.3273.174535023149352836233421279378,CT ABDOMEN  PELVIS ENHANCEDAB,03-05-2005,Pre-Dose PANCREAS - 2,Open Health Imaging Foundation,RTSTRUCT,RT Structure Set Storage,1.2.840.10008.5.1.4.1.1.481.3,1,37.84 KB,.\CPTAC-PDA\C3L-04475\03-05-2005-NA-CT ABDOMEN  PELVIS ENHANCEDAB-79378\3.000000-Pre-Dose PANCREAS - 2-31149,2026-10-07T00:18:44.61
1.2.826.0.1.534147.667.2747872357.202341576813.4,CPTAC-PDA,yes,https://doi.org/10.7937/BW9VBX61,C3L-03743,1.3.6.1.4.1.14519.5.2.1.2857.3273.217658252544362628018391397434,CT ABDOMEN WOW CONTRAST,01-11-2002,Pre-Dose PANCREAS - 1,Open Health Imaging Foundation,RTSTRUCT,RT Structure Set Storage,1.2.840.10008.5.1.4.1.1.481.3,1,40.95 KB,.\CPTAC-PDA\C3L-03743\01-11-2002-NA-CT ABDOMEN WOW CONTRAST-97434\7.000000-Pre-Dose PANCREAS - 1-813.4,2026-10-07T00:18:45.086
1.2.826.0.1.534147.667.2747872357.202341943858779.4,CPTAC-PDA,yes,https://doi.org/10.7937/BW9VBX61,C3L-04479,1.3.6.1.4.1.14519.5.2.1.1078.3273.894141836643315948463816810723,CT ABDOMEN  PELVIS ENHANCEDAB,01-15-2005,Pre-Dose PANCREAS - 1 - SEED POINT,Open Health Imaging Foundation,RTSTRUCT,RT Structure Set Storage,1.2.840.10008.5.1.4.1.1.481.3,1,3.85 KB,.\CPTAC-PDA\C3L-04479\01-15-2005-NA-CT ABDOMEN  PELVIS ENHANCEDAB-10723\3.000000-Pre-Dose PANCREAS - 1 - SEED POINT-779.4,2026-10-07T00:18:45.93
1.2.826.0.1.534147.667.2747872357.202341943848558.4,CPTAC-PDA,yes,https://doi.org/10.7937/BW9VBX61,C3L-04479,1.3.6.1.4.1.14519.5.2.1.1078.3273.894141836643315948463816810723,CT ABDOMEN  PELVIS ENHANCEDAB,01-15-2005,Pre-Dose PANCREAS - 1,Open Health Imaging Foundation,RTSTRUCT,RT Structure Set Storage,1.2.840.10008.5.1.4.1.1.481.3,1,13.87 KB,.\CPTAC-PDA\C3L-04479\01-15-2005-NA-CT ABDOMEN  PELVIS ENHANCEDAB-10723\3.000000-Pre-Dose PANCREAS - 1-558.4,2026-10-07T00:18:46.139
1.2.826.0.1.534147.667.2747872357.202341943910299,CPTAC-PDA,yes,https://doi.org/10.7937/BW9VBX61,C3L-04479,1.3.6.1.4.1.14519.5.2.1.1078.3273.894141836643315948463816810723,CT ABDOMEN  PELVIS ENHANCEDAB,01-15-2005,Pre-Dose PERIHEPATIC LYMPH NODE - 1,Open Health Imaging Foundation,RTSTRUCT,RT Structure Set Storage,1.2.840.10008.5.1.4.1.1.481.3,1,30.81 KB,.\CPTAC-PDA\C3L-04479\01-15-2005-NA-CT ABDOMEN  PELVIS ENHANCEDAB-10723\3.000000-Pre-Dose PERIHEPATIC LYMPH NODE - 1-10299,2026-10-07T00:18:46.731
1.2.826.0.1.534147.667.2747872357.20234194392098.4,CPTAC-PDA,yes,https://doi.org/10.7937/BW9VBX61,C3L-04479,1.3.6.1.4.1.14519.5.2.1.1078.3273.894141836643315948463816810723,CT ABDOMEN  PELVIS ENHANCEDAB,01-15-2005,Pre-Dose PERIHEPATIC LYMPH NODE - 1 - SEED POINT,Open Health Imaging Foundation,RTSTRUCT,RT Structure Set Storage,1.2.840.10008.5.1.4.1.1.481.3,1,3.90 KB,.\CPTAC-PDA\C3L-04479\01-15-2005-NA-CT ABDOMEN  PELVIS ENHANCEDAB-10723\3.000000-Pre-Dose PERIHEPATIC LYMPH NODE - 1 - SEED POINT-098.4,2026-10-07T00:18:47.208
1.2.826.0.1.534147.667.2747872357.202341944115333.4,CPTAC-PDA,yes,https://doi.org/10.7937/BW9VBX61,C3L-04495,1.3.6.1.4.1.14519.5.2.1.1078.3273.204886849056599953792202105518,CT CHEST ENHANCEDCH,02-24-2005,Pre-Dose PANCREAS - 1 - SEED POINT,Open Health Imaging Foundation,RTSTRUCT,RT Structure Set Storage,1.2.840.10008.5.1.4.1.1.481.3,1,3.84 KB,.\CPTAC-PDA\C3L-04495\02-24-2005-NA-CT CHEST ENHANCEDCH-05518\3.000000-Pre-Dose PANCREAS - 1 - SEED POINT-333.4,2026-10-07T00:18:47.7
1.2.826.0.1.534147.667.2747872357.202341944341237.4,CPTAC-PDA,yes,https://doi.org/10.7937/BW9VBX61,C3L-04848,1.3.6.1.4.1.14519.5.2.1.1078.3273.836595808632351986374665137330,CT ABDOMEN  PELVIS ENHANCEDAB,03-18-2005,Pre-Dose PANCREAS - 1 - SEED POINT,Open Health Imaging Foundation,RTSTRUCT,RT Structure Set Storage,1.2.840.10008.5.1.4.1.1.481.3,1,3.86 KB,.\CPTAC-PDA\C3L-04848\03-18-2005-NA-CT ABDOMEN  PELVIS ENHANCEDAB-37330\303.000000-Pre-Dose PANCREAS - 1 - SEED POINT-237.4,2026-10-07T00:18:49.078
1.2.826.0.1.534147.667.2747872357.20234194413631.4,CPTAC-PDA,yes,https://doi.org/10.7937/BW9VBX61,C3L-04495,1.3.6.1.4.1.14519.5.2.1.1078.3273.204886849056599953792202105518,CT CHEST ENHANCEDCH,02-24-2005,Pre-Dose PANCREAS - 1,Open Health Imaging Foundation,RTSTRUCT,RT Structure Set Storage,1.2.840.10008.5.1.4.1.1.481.3,1,47.85 KB,.\CPTAC-PDA\C3L-04495\02-24-2005-NA-CT CHEST ENHANCEDCH-05518\3.000000-Pre-Dose PANCREAS - 1-631.4,2026-10-07T00:18:49.343
1.2.826.0.1.534147.667.2747872357.202341944326944.4,CPTAC-PDA,yes,https://doi.org/10.7937/BW9VBX61,C3L-04848,1.3.6.1.4.1.14519.5.2.1.1078.3273.836595808632351986374665137330,CT ABDOMEN  PELVIS ENHANCEDAB,03-18-2005,Pre-Dose PANCREAS - 1,Open Health Imaging Foundation,RTSTRUCT,RT Structure Set Storage,1.2.840.10008.5.1.4.1.1.481.3,1,37.21 KB,.\CPTAC-PDA\C3L-04848\03-18-2005-NA-CT ABDOMEN  PELVIS ENHANCEDAB-37330\303.000000-Pre-Dose PANCREAS - 1-944.4,2026-10-07T00:18:49.641
1.2.826.0.1.534147.667.2747872357.20234194442709.4,CPTAC-PDA,yes,https://doi.org/10.7937/BW9VBX61,C3L-04848,1.3.6.1.4.1.14519.5.2.1.1078.3273.836595808632351986374665137330,CT ABDOMEN  PELVIS ENHANCEDAB,03-18-2005,Pre-Dose RETROPERITONEAL LYMPH NODE - 1 - SEED POINT,Open Health Imaging Foundation,RTSTRUCT,RT Structure Set Storage,1.2.840.10008.5.1.4.1.1.481.3,1,3.92 KB,.\CPTAC-PDA\C3L-04848\03-18-2005-NA-CT ABDOMEN  PELVIS ENHANCEDAB-37330\303.000000-Pre-Dose RETROPERITONEAL LYMPH NODE - 1 - SEED POINT-709.4,2026-10-07T00:18:51.103
1.2.826.0.1.534147.667.2747872357.202341944352590.4,CPTAC-PDA,yes,https://doi.org/10.7937/BW9VBX61,C3L-04848,1.3.6.1.4.1.14519.5.2.1.1078.3273.836595808632351986374665137330,CT ABDOMEN  PELVIS ENHANCEDAB,03-18-2005,Pre-Dose RETROPERITONEAL LYMPH NODE - 1,Open Health Imaging Foundation,RTSTRUCT,RT Structure Set Storage,1.2.840.10008.5.1.4.1.1.481.3,1,17.82 KB,.\CPTAC-PDA\C3L-04848\03-18-2005-NA-CT ABDOMEN  PELVIS ENHANCEDAB-37330\303.000000-Pre-Dose RETROPERITONEAL LYMPH NODE - 1-590.4,2026-10-07T00:18:51.391
1.2.826.0.1.534147.667.2747872357.202341944716280.4,CPTAC-PDA,yes,https://doi.org/10.7937/BW9VBX61,C3L-04853,1.3.6.1.4.1.14519.5.2.1.1078.3707.306310279780722801508209857695,CT ABDOMEN  PELVIS ENHANCEDAB,04-29-2005,Pre-Dose PANCREAS - 1 - SEED POINT,Open Health Imaging Foundation,RTSTRUCT,RT Structure Set Storage,1.2.840.10008.5.1.4.1.1.481.3,1,3.85 KB,.\CPTAC-PDA\C3L-04853\04-29-2005-NA-CT ABDOMEN  PELVIS ENHANCEDAB-57695\3.000000-Pre-Dose PANCREAS - 1 - SEED POINT-280.4,2026-10-07T00:18:51.995
1.2.826.0.1.534147.667.2747872357.202341944729914,CPTAC-PDA,yes,https://doi.org/10.7937/BW9VBX61,C3L-04853,1.3.6.1.4.1.14519.5.2.1.1078.3707.306310279780722801508209857695,CT ABDOMEN  PELVIS ENHANCEDAB,04-29-2005,Pre-Dose RETROPERITONEAL LYMPH NODE - 1,Open Health Imaging Foundation,RTSTRUCT,RT Structure Set Storage,1.2.840.10008.5.1.4.1.1.481.3,1,27.60 KB,.\CPTAC-PDA\C3L-04853\04-29-2005-NA-CT ABDOMEN  PELVIS ENHANCEDAB-57695\3.000000-Pre-Dose RETROPERITONEAL LYMPH NODE - 1-29914,2026-10-07T00:18:53.544
1.2.826.0.1.534147.667.2747872357.202341944748961.4,CPTAC-PDA,yes,https://doi.org/10.7937/BW9VBX61,C3L-04853,1.3.6.1.4.1.14519.5.2.1.1078.3707.306310279780722801508209857695,CT ABDOMEN  PELVIS ENHANCEDAB,04-29-2005,Pre-Dose RETROPERITONEAL LYMPH NODE - 1 - SEED POINT,Open Health Imaging Foundation,RTSTRUCT,RT Structure Set Storage,1.2.840.10008.5.1.4.1.1.481.3,1,3.93 KB,.\CPTAC-PDA\C3L-04853\04-29-2005-NA-CT ABDOMEN  PELVIS ENHANCEDAB-57695\3.000000-Pre-Dose RETROPERITONEAL LYMPH NODE - 1 - SEED POINT-961.4,2026-10-07T00:18:53.545
1.2.826.0.1.534147.667.2747872357.202341944955911.4,CPTAC-PDA,yes,https://doi.org/10.7937/BW9VBX61,C3L-05043,1.3.6.1.4.1.14519.5.2.1.1078.3707.328146283792569463592980092672,CT ABDOMEN  PELVIS ENHANCEDAB,08-07-2005,Pre-Dose PANCREAS - 1 - SEED POINT,Open Health Imaging Foundation,RTSTRUCT,RT Structure Set Storage,1.2.840.10008.5.1.4.1.1.481.3,1,3.85 KB,.\CPTAC-PDA\C3L-05043\08-07-2005-NA-CT ABDOMEN  PELVIS ENHANCEDAB-92672\3.000000-Pre-Dose PANCREAS - 1 - SEED POINT-911.4,2026-10-07T00:18:55.386
1.2.826.0.1.534147.667.2747872357.202341944947978,CPTAC-PDA,yes,https://doi.org/10.7937/BW9VBX61,C3L-05043,1.3.6.1.4.1.14519.5.2.1.1078.3707.328146283792569463592980092672,CT ABDOMEN  PELVIS ENHANCEDAB,08-07-2005,Pre-Dose PANCREAS - 1,Open Health Imaging Foundation,RTSTRUCT,RT Structure Set Storage,1.2.840.10008.5.1.4.1.1.481.3,1,21.65 KB,.\CPTAC-PDA\C3L-05043\08-07-2005-NA-CT ABDOMEN  PELVIS ENHANCEDAB-92672\3.000000-Pre-Dose PANCREAS - 1-47978,2026-10-07T00:18:55.639
1.2.826.0.1.534147.667.2747872357.20234194477547.4,CPTAC-PDA,yes,https://doi.org/10.7937/BW9VBX61,C3L-04853,1.3.6.1.4.1.14519.5.2.1.1078.3707.306310279780722801508209857695,CT ABDOMEN  PELVIS ENHANCEDAB,04-29-2005,Pre-Dose PANCREAS - 1,Open Health Imaging Foundation,RTSTRUCT,RT Structure Set Storage,1.2.840.10008.5.1.4.1.1.481.3,1,28.14 KB,.\CPTAC-PDA\C3L-04853\04-29-2005-NA-CT ABDOMEN  PELVIS ENHANCEDAB-57695\3.000000-Pre-Dose PANCREAS - 1-547.4,2026-10-07T00:18:55.876
1.2.826.0.1.534147.667.2747872357.202341945310170.4,CPTAC-PDA,yes,https://doi.org/10.7937/BW9VBX61,C3L-05049,1.3.6.1.4.1.14519.5.2.1.1078.3707.190275315139055125816518827399,CT ABDOMEN  PELVIS ENHANCEDAB,07-04-2005,Pre-Dose PERIHEPATIC LYMPH NODE - 1 - SEED POINT,Open Health Imaging Foundation,RTSTRUCT,RT Structure Set Storage,1.2.840.10008.5.1.4.1.1.481.3,1,3.90 KB,.\CPTAC-PDA\C3L-05049\07-04-2005-NA-CT ABDOMEN  PELVIS ENHANCEDAB-27399\3.000000-Pre-Dose PERIHEPATIC LYMPH NODE - 1 - SEED POINT-170.4,2026-10-07T00:18:57.637
1.2.826.0.1.534147.667.2747872357.202341945255932.4,CPTAC-PDA,yes,https://doi.org/10.7937/BW9VBX61,C3L-05049,1.3.6.1.4.1.14519.5.2.1.1078.3707.190275315139055125816518827399,CT ABDOMEN  PELVIS ENHANCEDAB,07-04-2005,Pre-Dose PERIHEPATIC LYMPH NODE - 1,Open Health Imaging Foundation,RTSTRUCT,RT Structure Set Storage,1.2.840.10008.5.1.4.1.1.481.3,1,13.96 KB,.\CPTAC-PDA\C3L-05049\07-04-2005-NA-CT ABDOMEN  PELVIS ENHANCEDAB-27399\3.000000-Pre-Dose PERIHEPATIC LYMPH NODE - 1-932.4,2026-10-07T00:18:58.044
1.2.826.0.1.534147.667.2747872357.202341945321811.4,CPTAC-PDA,yes,https://doi.org/10.7937/BW9VBX61,C3L-05049,1.3.6.1.4.1.14519.5.2.1.1078.3707.190275315139055125816518827399,CT ABDOMEN  PELVIS ENHANCEDAB,07-04-2005,Pre-Dose PERIHEPATIC LYMPH NODE - 2,Open Health Imaging Foundation,RTSTRUCT,RT Structure Set Storage,1.2.840.10008.5.1.4.1.1.481.3,1,31.27 KB,.\CPTAC-PDA\C3L-05049\07-04-2005-NA-CT ABDOMEN  PELVIS ENHANCEDAB-27399\3.000000-Pre-Dose PERIHEPATIC LYMPH NODE - 2-811.4,2026-10-07T00:18:59.447
1.2.826.0.1.534147.667.2747872357.202341945331954,CPTAC-PDA,yes,https://doi.org/10.7937/BW9VBX61,C3L-05049,1.3.6.1.4.1.14519.5.2.1.1078.3707.190275315139055125816518827399,CT ABDOMEN  PELVIS ENHANCEDAB,07-04-2005,Pre-Dose PERIHEPATIC LYMPH NODE - 2 - SEED POINT,Open Health Imaging Foundation,RTSTRUCT,RT Structure Set Storage,1.2.840.10008.5.1.4.1.1.481.3,1,3.90 KB,.\CPTAC-PDA\C3L-05049\07-04-2005-NA-CT ABDOMEN  PELVIS ENHANCEDAB-27399\3.000000-Pre-Dose PERIHEPATIC LYMPH NODE - 2 - SEED POINT-31954,2026-10-07T00:19:00.958
1.2.826.0.1.534147.756.812677238.2023217959916.4,CPTAC-PDA,yes,https://doi.org/10.7937/BW9VBX61,C3L-05049,1.3.6.1.4.1.14519.5.2.1.1078.3707.190275315139055125816518827399,CT ABDOMEN  PELVIS ENHANCEDAB,07-04-2005,Pre-Dose PANCREAS - 1,Open Health Imaging Foundation,RTSTRUCT,RT Structure Set Storage,1.2.840.10008.5.1.4.1.1.481.3,1,11.68 KB,.\CPTAC-PDA\C3L-05049\07-04-2005-NA-CT ABDOMEN  PELVIS ENHANCEDAB-27399\3.000000-Pre-Dose PANCREAS - 1-916.4,2026-10-07T00:19:01.931
1.2.826.0.1.534147.756.812677238.20232179621422.4,CPTAC-PDA,yes,https://doi.org/10.7937/BW9VBX61,C3L-05049,1.3.6.1.4.1.14519.5.2.1.1078.3707.190275315139055125816518827399,CT ABDOMEN  PELVIS ENHANCEDAB,07-04-2005,Pre-Dose PANCREAS - 1 - SEED POINT,Open Health Imaging Foundation,RTSTRUCT,RT Structure Set Storage,1.2.840.10008.5.1.4.1.1.481.3,1,3.85 KB,.\CPTAC-PDA\C3L-05049\07-04-2005-NA-CT ABDOMEN  PELVIS ENHANCEDAB-27399\3.000000-Pre-Dose PANCREAS - 1 - SEED POINT-422.4,2026-10-07T00:19:02.875
1.2.826.0.1.534147.667.2747872357.202341572019518.4,CPTAC-PDA,yes,https://doi.org/10.7937/BW9VBX61,C3L-05053,1.3.6.1.4.1.14519.5.2.1.1078.3707.132224708406446609942609333977,CT ABDOMEN NONENH  ENHANCEDAB,08-01-2005,Pre-Dose PANCREAS - 1,Open Health Imaging Foundation,RTSTRUCT,RT Structure Set Storage,1.2.840.10008.5.1.4.1.1.481.3,1,45.38 KB,.\CPTAC-PDA\C3L-05053\08-01-2005-NA-CT ABDOMEN NONENH  ENHANCEDAB-33977\6.000000-Pre-Dose PANCREAS - 1-518.4,2026-10-07T00:19:04.053
1.2.826.0.1.534147.667.2747872357.202341572032534.4,CPTAC-PDA,yes,https://doi.org/10.7937/BW9VBX61,C3L-05053,1.3.6.1.4.1.14519.5.2.1.1078.3707.132224708406446609942609333977,CT ABDOMEN NONENH  ENHANCEDAB,08-01-2005,Pre-Dose PANCREAS - 1 - SEED POINT,Open Health Imaging Foundation,RTSTRUCT,RT Structure Set Storage,1.2.840.10008.5.1.4.1.1.481.3,1,3.85 KB,.\CPTAC-PDA\C3L-05053\08-01-2005-NA-CT ABDOMEN NONENH  ENHANCEDAB-33977\6.000000-Pre-Dose PANCREAS - 1 - SEED POINT-534.4,2026-10-07T00:19:04.069
1.2.826.0.1.534147.667.2747872357.202342585812517.4,CPTAC-PDA,yes,https://doi.org/10.7937/BW9VBX61,C3L-05053,1.3.6.1.4.1.14519.5.2.1.1078.3707.132224708406446609942609333977,CT ABDOMEN NONENH  ENHANCEDAB,08-01-2005,Pre-Dose PANCREAS - 2,Open Health Imaging Foundation,RTSTRUCT,RT Structure Set Storage,1.2.840.10008.5.1.4.1.1.481.3,1,41.06 KB,.\CPTAC-PDA\C3L-05053\08-01-2005-NA-CT ABDOMEN NONENH  ENHANCEDAB-33977\6.000000-Pre-Dose PANCREAS - 2-517.4,2026-10-07T00:19:07.903
1.2.826.0.1.534147.667.2747872357.202342585832217.4,CPTAC-PDA,yes,https://doi.org/10.7937/BW9VBX61,C3L-05053,1.3.6.1.4.1.14519.5.2.1.1078.3707.132224708406446609942609333977,CT ABDOMEN NONENH  ENHANCEDAB,08-01-2005,Pre-Dose PANCREAS - 2 - SEED POINT,Open Health Imaging Foundation,RTSTRUCT,RT Structure Set Storage,1.2.840.10008.5.1.4.1.1.481.3,1,3.85 KB,.\CPTAC-PDA\C3L-05053\08-01-2005-NA-CT ABDOMEN NONENH  ENHANCEDAB-33977\6.000000-Pre-Dose PANCREAS - 2 - SEED POINT-217.4,2026-10-07T00:19:08.776
1.2.826.0.1.534147.756.812677238.202321793220927.4,CPTAC-PDA,yes,https://doi.org/10.7937/BW9VBX61,C3L-05056,1.3.6.1.4.1.14519.5.2.1.1078.3707.468906872725737645013900098334,CT ABDOMEN AND PELVIS ANGIOGRAMAB,10-04-2005,Pre-Dose LIVER - 1,Open Health Imaging Foundation,RTSTRUCT,RT Structure Set Storage,1.2.840.10008.5.1.4.1.1.481.3,1,24.10 KB,.\CPTAC-PDA\C3L-05056\10-04-2005-NA-CT ABDOMEN AND PELVIS ANGIOGRAMAB-98334\301.000000-Pre-Dose LIVER - 1-927.4,2026-10-07T00:19:09.707
1.2.826.0.1.534147.756.812677238.202321793237801.4,CPTAC-PDA,yes,https://doi.org/10.7937/BW9VBX61,C3L-05056,1.3.6.1.4.1.14519.5.2.1.1078.3707.468906872725737645013900098334,CT ABDOMEN AND PELVIS ANGIOGRAMAB,10-04-2005,Pre-Dose LIVER - 1 - SEED POINT,Open Health Imaging Foundation,RTSTRUCT,RT Structure Set Storage,1.2.840.10008.5.1.4.1.1.481.3,1,3.83 KB,.\CPTAC-PDA\C3L-05056\10-04-2005-NA-CT ABDOMEN AND PELVIS ANGIOGRAMAB-98334\301.000000-Pre-Dose LIVER - 1 - SEED POINT-801.4,2026-10-07T00:19:10.504
1.2.826.0.1.534147.756.812677238.202321793620344.4,CPTAC-PDA,yes,https://doi.org/10.7937/BW9VBX61,C3L-05056,1.3.6.1.4.1.14519.5.2.1.1078.3707.468906872725737645013900098334,CT ABDOMEN AND PELVIS ANGIOGRAMAB,10-04-2005,Pre-Dose LIVER - 2,Open Health Imaging Foundation,RTSTRUCT,RT Structure Set Storage,1.2.840.10008.5.1.4.1.1.481.3,1,29.21 KB,.\CPTAC-PDA\C3L-05056\10-04-2005-NA-CT ABDOMEN AND PELVIS ANGIOGRAMAB-98334\301.000000-Pre-Dose LIVER - 2-344.4,2026-10-07T00:19:13.59
1.2.826.0.1.534147.756.812677238.202321793635593.4,CPTAC-PDA,yes,https://doi.org/10.7937/BW9VBX61,C3L-05056,1.3.6.1.4.1.14519.5.2.1.1078.3707.468906872725737645013900098334,CT ABDOMEN AND PELVIS ANGIOGRAMAB,10-04-2005,Pre-Dose LIVER - 2 - SEED POINT,Open Health Imaging Foundation,RTSTRUCT,RT Structure Set Storage,1.2.840.10008.5.1.4.1.1.481.3,1,3.83 KB,.\CPTAC-PDA\C3L-05056\10-04-2005-NA-CT ABDOMEN AND PELVIS ANGIOGRAMAB-98334\301.000000-Pre-Dose LIVER - 2 - SEED POINT-593.4,2026-10-07T00:19:15.046
1.2.826.0.1.534147.667.2747872357.202341945744370.4,CPTAC-PDA,yes,https://doi.org/10.7937/BW9VBX61,C3L-05057,1.3.6.1.4.1.14519.5.2.1.1078.3707.482749566112603740870997292575,CT ABDOMEN  PELVIS NONENH  ENHANCEDAB,09-09-2005,Pre-Dose PANCREAS - 1,Open Health Imaging Foundation,RTSTRUCT,RT Structure Set Storage,1.2.840.10008.5.1.4.1.1.481.3,1,12.77 KB,.\CPTAC-PDA\C3L-05057\09-09-2005-NA-CT ABDOMEN  PELVIS NONENH  ENHANCEDAB-92575\3.000000-Pre-Dose PANCREAS - 1-370.4,2026-10-07T00:19:16.977
1.2.826.0.1.534147.667.2747872357.202341945751988.4,CPTAC-PDA,yes,https://doi.org/10.7937/BW9VBX61,C3L-05057,1.3.6.1.4.1.14519.5.2.1.1078.3707.482749566112603740870997292575,CT ABDOMEN  PELVIS NONENH  ENHANCEDAB,09-09-2005,Pre-Dose PANCREAS - 1 - SEED POINT,Open Health Imaging Foundation,RTSTRUCT,RT Structure Set Storage,1.2.840.10008.5.1.4.1.1.481.3,1,3.86 KB,.\CPTAC-PDA\C3L-05057\09-09-2005-NA-CT ABDOMEN  PELVIS NONENH  ENHANCEDAB-92575\3.000000-Pre-Dose PANCREAS - 1 - SEED POINT-988.4,2026-10-07T00:19:19.022
1.2.826.0.1.534147.667.2747872357.202341575444385.4,CPTAC-PDA,yes,https://doi.org/10.7937/BW9VBX61,C3L-05121,1.3.6.1.4.1.14519.5.2.1.1078.3707.158897309051929879238711525512,CT ABDOMEN NONENH  ENHANCEDAB,08-28-2005,Pre-Dose PANCREAS - 1 - SEED POINT,Open Health Imaging Foundation,RTSTRUCT,RT Structure Set Storage,1.2.840.10008.5.1.4.1.1.481.3,1,3.83 KB,.\CPTAC-PDA\C3L-05121\08-28-2005-NA-CT ABDOMEN NONENH  ENHANCEDAB-25512\605.000000-Pre-Dose PANCREAS - 1 - SEED POINT-385.4,2026-10-07T00:19:20.8
1.2.826.0.1.534147.667.2747872357.202341575430904.4,CPTAC-PDA,yes,https://doi.org/10.7937/BW9VBX61,C3L-05121,1.3.6.1.4.1.14519.5.2.1.1078.3707.158897309051929879238711525512,CT ABDOMEN NONENH  ENHANCEDAB,08-28-2005,Pre-Dose PANCREAS - 1,Open Health Imaging Foundation,RTSTRUCT,RT Structure Set Storage,1.2.840.10008.5.1.4.1.1.481.3,1,51.09 KB,.\CPTAC-PDA\C3L-05121\08-28-2005-NA-CT ABDOMEN NONENH  ENHANCEDAB-25512\605.000000-Pre-Dose PANCREAS - 1-904.4,2026-10-07T00:19:22.097
1.2.826.0.1.534147.756.812677238.202321710115178.4,CPTAC-PDA,yes,https://doi.org/10.7937/BW9VBX61,C3L-05121,1.3.6.1.4.1.14519.5.2.1.1078.3707.158897309051929879238711525512,CT ABDOMEN NONENH  ENHANCEDAB,08-28-2005,Pre-Dose PANCREAS - 1,Open Health Imaging Foundation,RTSTRUCT,RT Structure Set Storage,1.2.840.10008.5.1.4.1.1.481.3,1,48.22 KB,.\CPTAC-PDA\C3L-05121\08-28-2005-NA-CT ABDOMEN NONENH  ENHANCEDAB-25512\608.000000-Pre-Dose PANCREAS - 1-178.4,2026-10-07T00:19:23.289
1.2.826.0.1.534147.756.812677238.202321710130972.4,CPTAC-PDA,yes,https://doi.org/10.7937/BW9VBX61,C3L-05121,1.3.6.1.4.1.14519.5.2.1.1078.3707.158897309051929879238711525512,CT ABDOMEN NONENH  ENHANCEDAB,08-28-2005,Pre-Dose PANCREAS - 1 - SEED POINT,Open Health Imaging Foundation,RTSTRUCT,RT Structure Set Storage,1.2.840.10008.5.1.4.1.1.481.3,1,3.83 KB,.\CPTAC-PDA\C3L-05121\08-28-2005-NA-CT ABDOMEN NONENH  ENHANCEDAB-25512\608.000000-Pre-Dose PANCREAS - 1 - SEED POINT-972.4,2026-10-07T00:19:23.612
1.2.826.0.1.534147.756.812677238.20232287215300.4,CPTAC-PDA,yes,https://doi.org/10.7937/BW9VBX61,C3L-05573,1.3.6.1.4.1.14519.5.2.1.1427.3273.617957317750921263180872299150,MRI ABDOMEN EXTERNAL IMAGING,02-25-2012,Pre-Dose No Findings,Open Health Imaging Foundation,RTSTRUCT,RT Structure Set Storage,1.2.840.10008.5.1.4.1.1.481.3,1,3.24 KB,.\CPTAC-PDA\C3L-05573\02-25-2012-NA-MRI ABDOMEN EXTERNAL IMAGING-99150\1502.000000-Pre-Dose No Findings-300.4,2026-10-07T00:19:23.642
1.2.826.0.1.534147.756.812677238.202322873640116.4,CPTAC-PDA,yes,https://doi.org/10.7937/BW9VBX61,C3L-05578,1.3.6.1.4.1.14519.5.2.1.1427.3273.153363285989430991618428024759,MRI ABD WOW CONTRAST,03-04-2012,Pre-Dose PANCREAS - 1 - SEED POINT,Open Health Imaging Foundation,RTSTRUCT,RT Structure Set Storage,1.2.840.10008.5.1.4.1.1.481.3,1,3.84 KB,.\CPTAC-PDA\C3L-05578\03-04-2012-NA-MRI ABD WOW CONTRAST-24759\19.000000-Pre-Dose PANCREAS - 1 - SEED POINT-116.4,2026-10-07T00:19:25.085
1.2.826.0.1.534147.756.812677238.202323073116114.4,CPTAC-PDA,yes,https://doi.org/10.7937/BW9VBX61,C3L-05578,1.3.6.1.4.1.14519.5.2.1.1427.3273.153363285989430991618428024759,MRI ABD WOW CONTRAST,03-04-2012,Pre-Dose PANCREATIC DUCT - 1 - SEED POINT,Open Health Imaging Foundation,RTSTRUCT,RT Structure Set Storage,1.2.840.10008.5.1.4.1.1.481.3,1,3.86 KB,.\CPTAC-PDA\C3L-05578\03-04-2012-NA-MRI ABD WOW CONTRAST-24759\16.000000-Pre-Dose PANCREATIC DUCT - 1 - SEED POINT-114.4,2026-10-07T00:19:26.908
1.2.826.0.1.534147.756.812677238.202322873616173.4,CPTAC-PDA,yes,https://doi.org/10.7937/BW9VBX61,C3L-05578,1.3.6.1.4.1.14519.5.2.1.1427.3273.153363285989430991618428024759,MRI ABD WOW CONTRAST,03-04-2012,Pre-Dose PANCREAS - 1,Open Health Imaging Foundation,RTSTRUCT,RT Structure Set Storage,1.2.840.10008.5.1.4.1.1.481.3,1,71.95 KB,.\CPTAC-PDA\C3L-05578\03-04-2012-NA-MRI ABD WOW CONTRAST-24759\19.000000-Pre-Dose PANCREAS - 1-173.4,2026-10-07T00:19:27.208
1.2.826.0.1.534147.756.812677238.202323072955716.4,CPTAC-PDA,yes,https://doi.org/10.7937/BW9VBX61,C3L-05578,1.3.6.1.4.1.14519.5.2.1.1427.3273.153363285989430991618428024759,MRI ABD WOW CONTRAST,03-04-2012,Pre-Dose PANCREATIC DUCT - 1,Open Health Imaging Foundation,RTSTRUCT,RT Structure Set Storage,1.2.840.10008.5.1.4.1.1.481.3,1,94.75 KB,.\CPTAC-PDA\C3L-05578\03-04-2012-NA-MRI ABD WOW CONTRAST-24759\16.000000-Pre-Dose PANCREATIC DUCT - 1-716.4,2026-10-07T00:19:27.478
1.2.826.0.1.534147.667.2747872357.20234259525827.4,CPTAC-PDA,yes,https://doi.org/10.7937/BW9VBX61,C3L-05708,1.3.6.1.4.1.14519.5.2.1.1427.3273.599818014599382633469191336169,CT ABDOMEN EXTERNAL IMAGING,04-27-2012,Pre-Dose PANCREAS - 2 - SEED POINT,Open Health Imaging Foundation,RTSTRUCT,RT Structure Set Storage,1.2.840.10008.5.1.4.1.1.481.3,1,3.85 KB,.\CPTAC-PDA\C3L-05708\04-27-2012-NA-CT ABDOMEN EXTERNAL IMAGING-36169\3.000000-Pre-Dose PANCREAS - 2 - SEED POINT-827.4,2026-10-07T00:19:29.505
1.2.826.0.1.534147.667.2747872357.20234259518298.4,CPTAC-PDA,yes,https://doi.org/10.7937/BW9VBX61,C3L-05708,1.3.6.1.4.1.14519.5.2.1.1427.3273.599818014599382633469191336169,CT ABDOMEN EXTERNAL IMAGING,04-27-2012,Pre-Dose PANCREAS - 2,Open Health Imaging Foundation,RTSTRUCT,RT Structure Set Storage,1.2.840.10008.5.1.4.1.1.481.3,1,120.63 KB,.\CPTAC-PDA\C3L-05708\04-27-2012-NA-CT ABDOMEN EXTERNAL IMAGING-36169\3.000000-Pre-Dose PANCREAS - 2-298.4,2026-10-07T00:19:32.327
1.2.826.0.1.534147.667.2747872357.202341591416663.4,CPTAC-PDA,yes,https://doi.org/10.7937/BW9VBX61,C3L-05716,1.3.6.1.4.1.14519.5.2.1.1427.3273.792627341048225558221436511658,CT ABDPEL EXTERNAL IMAGING,03-25-2012,Pre-Dose PANCREAS - 1,Open Health Imaging Foundation,RTSTRUCT,RT Structure Set Storage,1.2.840.10008.5.1.4.1.1.481.3,1,73.29 KB,.\CPTAC-PDA\C3L-05716\03-25-2012-NA-CT ABDPEL EXTERNAL IMAGING-11658\4.000000-Pre-Dose PANCREAS - 1-663.4,2026-10-07T00:19:34.786
1.2.826.0.1.534147.667.2747872357.20234159134645.4,CPTAC-PDA,yes,https://doi.org/10.7937/BW9VBX61,C3L-05716,1.3.6.1.4.1.14519.5.2.1.1427.3273.792627341048225558221436511658,CT ABDPEL EXTERNAL IMAGING,03-25-2012,Pre-Dose PANCREAS - 1 - SEED POINT,Open Health Imaging Foundation,RTSTRUCT,RT Structure Set Storage,1.2.840.10008.5.1.4.1.1.481.3,1,3.84 KB,.\CPTAC-PDA\C3L-05716\03-25-2012-NA-CT ABDPEL EXTERNAL IMAGING-11658\7.000000-Pre-Dose PANCREAS - 1 - SEED POINT-645.4,2026-10-07T00:19:37.545
1.2.826.0.1.534147.667.2747872357.202341591253910.4,CPTAC-PDA,yes,https://doi.org/10.7937/BW9VBX61,C3L-05716,1.3.6.1.4.1.14519.5.2.1.1427.3273.792627341048225558221436511658,CT ABDPEL EXTERNAL IMAGING,03-25-2012,Pre-Dose PANCREAS - 1,Open Health Imaging Foundation,RTSTRUCT,RT Structure Set Storage,1.2.840.10008.5.1.4.1.1.481.3,1,56.85 KB,.\CPTAC-PDA\C3L-05716\03-25-2012-NA-CT ABDPEL EXTERNAL IMAGING-11658\7.000000-Pre-Dose PANCREAS - 1-910.4,2026-10-07T00:19:37.631
1.2.826.0.1.534147.667.2747872357.202341592447892,CPTAC-PDA,yes,https://doi.org/10.7937/BW9VBX61,C3L-05722,1.3.6.1.4.1.14519.5.2.1.1427.3273.228049380351883376539289446421,CT CHESTABDPEL EXTERNAL IMAGING,04-22-2012,Pre-Dose PANCREAS - 1 - SEED POINT,Open Health Imaging Foundation,RTSTRUCT,RT Structure Set Storage,1.2.840.10008.5.1.4.1.1.481.3,1,3.85 KB,.\CPTAC-PDA\C3L-05722\04-22-2012-NA-CT CHESTABDPEL EXTERNAL IMAGING-46421\4.000000-Pre-Dose PANCREAS - 1 - SEED POINT-47892,2026-10-07T00:19:39.097
1.2.826.0.1.534147.756.812677238.2023217104256861.4,CPTAC-PDA,yes,https://doi.org/10.7937/BW9VBX61,C3L-05722,1.3.6.1.4.1.14519.5.2.1.1427.3273.228049380351883376539289446421,CT CHESTABDPEL EXTERNAL IMAGING,04-22-2012,Pre-Dose PANCREAS - 1,Open Health Imaging Foundation,RTSTRUCT,RT Structure Set Storage,1.2.840.10008.5.1.4.1.1.481.3,1,18.62 KB,.\CPTAC-PDA\C3L-05722\04-22-2012-NA-CT CHESTABDPEL EXTERNAL IMAGING-46421\2.000000-Pre-Dose PANCREAS - 1-861.4,2026-10-07T00:19:41.022
1.2.826.0.1.534147.756.812677238.2023217104314117.4,CPTAC-PDA,yes,https://doi.org/10.7937/BW9VBX61,C3L-05722,1.3.6.1.4.1.14519.5.2.1.1427.3273.228049380351883376539289446421,CT CHESTABDPEL EXTERNAL IMAGING,04-22-2012,Pre-Dose PANCREAS - 1 - SEED POINT,Open Health Imaging Foundation,RTSTRUCT,RT Structure Set Storage,1.2.840.10008.5.1.4.1.1.481.3,1,3.85 KB,.\CPTAC-PDA\C3L-05722\04-22-2012-NA-CT CHESTABDPEL EXTERNAL IMAGING-46421\2.000000-Pre-Dose PANCREAS - 1 - SEED POINT-117.4,2026-10-07T00:19:42.421
1.2.826.0.1.534147.667.2747872357.202341591427354.4,CPTAC-PDA,yes,https://doi.org/10.7937/BW9VBX61,C3L-05716,1.3.6.1.4.1.14519.5.2.1.1427.3273.792627341048225558221436511658,CT ABDPEL EXTERNAL IMAGING,03-25-2012,Pre-Dose PANCREAS - 1 - SEED POINT,Open Health Imaging Foundation,RTSTRUCT,RT Structure Set Storage,1.2.840.10008.5.1.4.1.1.481.3,1,3.84 KB,.\CPTAC-PDA\C3L-05716\03-25-2012-NA-CT ABDPEL EXTERNAL IMAGING-11658\4.000000-Pre-Dose PANCREAS - 1 - SEED POINT-354.4,2026-10-07T00:19:43.285
1.2.826.0.1.534147.667.2747872357.202341592437421.4,CPTAC-PDA,yes,https://doi.org/10.7937/BW9VBX61,C3L-05722,1.3.6.1.4.1.14519.5.2.1.1427.3273.228049380351883376539289446421,CT CHESTABDPEL EXTERNAL IMAGING,04-22-2012,Pre-Dose PANCREAS - 1,Open Health Imaging Foundation,RTSTRUCT,RT Structure Set Storage,1.2.840.10008.5.1.4.1.1.481.3,1,18.86 KB,.\CPTAC-PDA\C3L-05722\04-22-2012-NA-CT CHESTABDPEL EXTERNAL IMAGING-46421\4.000000-Pre-Dose PANCREAS - 1-421.4,2026-10-07T00:19:43.587
1.2.826.0.1.534147.667.2747872357.202342975632579.4,CPTAC-PDA,yes,https://doi.org/10.7937/BW9VBX61,C3L-05723,1.3.6.1.4.1.14519.5.2.1.1427.3273.500847649725834459840616311504,CT ABDPEL EXTERNAL IMAGING,05-10-2012,Pre-Dose LEFT ADRENAL GLAND - 1 - SEED POINT,Open Health Imaging Foundation,RTSTRUCT,RT Structure Set Storage,1.2.840.10008.5.1.4.1.1.481.3,1,3.88 KB,.\CPTAC-PDA\C3L-05723\05-10-2012-NA-CT ABDPEL EXTERNAL IMAGING-11504\4.000000-Pre-Dose LEFT ADRENAL GLAND - 1 - SEED POINT-579.4,2026-10-07T00:19:44.693
1.2.826.0.1.534147.667.2747872357.202342975643485.4,CPTAC-PDA,yes,https://doi.org/10.7937/BW9VBX61,C3L-05723,1.3.6.1.4.1.14519.5.2.1.1427.3273.500847649725834459840616311504,CT ABDPEL EXTERNAL IMAGING,05-10-2012,Pre-Dose LEFT ADRENAL GLAND - 2,Open Health Imaging Foundation,RTSTRUCT,RT Structure Set Storage,1.2.840.10008.5.1.4.1.1.481.3,1,29.19 KB,.\CPTAC-PDA\C3L-05723\05-10-2012-NA-CT ABDPEL EXTERNAL IMAGING-11504\4.000000-Pre-Dose LEFT ADRENAL GLAND - 2-485.4,2026-10-07T00:19:45.673
1.2.826.0.1.534147.667.2747872357.20234297565357,CPTAC-PDA,yes,https://doi.org/10.7937/BW9VBX61,C3L-05723,1.3.6.1.4.1.14519.5.2.1.1427.3273.500847649725834459840616311504,CT ABDPEL EXTERNAL IMAGING,05-10-2012,Pre-Dose LEFT ADRENAL GLAND - 2 - SEED POINT,Open Health Imaging Foundation,RTSTRUCT,RT Structure Set Storage,1.2.840.10008.5.1.4.1.1.481.3,1,3.88 KB,.\CPTAC-PDA\C3L-05723\05-10-2012-NA-CT ABDPEL EXTERNAL IMAGING-11504\4.000000-Pre-Dose LEFT ADRENAL GLAND - 2 - SEED POINT-65357,2026-10-07T00:19:46.774
1.2.826.0.1.534147.667.2747872357.202342975620156.4,CPTAC-PDA,yes,https://doi.org/10.7937/BW9VBX61,C3L-05723,1.3.6.1.4.1.14519.5.2.1.1427.3273.500847649725834459840616311504,CT ABDPEL EXTERNAL IMAGING,05-10-2012,Pre-Dose LEFT ADRENAL GLAND - 1,Open Health Imaging Foundation,RTSTRUCT,RT Structure Set Storage,1.2.840.10008.5.1.4.1.1.481.3,1,25.11 KB,.\CPTAC-PDA\C3L-05723\05-10-2012-NA-CT ABDPEL EXTERNAL IMAGING-11504\4.000000-Pre-Dose LEFT ADRENAL GLAND - 1-156.4,2026-10-07T00:19:46.97
1.2.826.0.1.534147.756.812677238.202321710506227.4,CPTAC-PDA,yes,https://doi.org/10.7937/BW9VBX61,C3L-05723,1.3.6.1.4.1.14519.5.2.1.1427.3273.500847649725834459840616311504,CT ABDPEL EXTERNAL IMAGING,05-10-2012,Pre-Dose PANCREAS - 1,Open Health Imaging Foundation,RTSTRUCT,RT Structure Set Storage,1.2.840.10008.5.1.4.1.1.481.3,1,12.54 KB,.\CPTAC-PDA\C3L-05723\05-10-2012-NA-CT ABDPEL EXTERNAL IMAGING-11504\4.000000-Pre-Dose PANCREAS - 1-227.4,2026-10-07T00:19:47.976
1.2.826.0.1.534147.756.812677238.2023217105216763.4,CPTAC-PDA,yes,https://doi.org/10.7937/BW9VBX61,C3L-05723,1.3.6.1.4.1.14519.5.2.1.1427.3273.500847649725834459840616311504,CT ABDPEL EXTERNAL IMAGING,05-10-2012,Pre-Dose PANCREAS - 1 - SEED POINT,Open Health Imaging Foundation,RTSTRUCT,RT Structure Set Storage,1.2.840.10008.5.1.4.1.1.481.3,1,3.84 KB,.\CPTAC-PDA\C3L-05723\05-10-2012-NA-CT ABDPEL EXTERNAL IMAGING-11504\4.000000-Pre-Dose PANCREAS - 1 - SEED POINT-763.4,2026-10-07T00:19:48.271
1.2.826.0.1.534147.667.2747872357.2023429881071.4,CPTAC-PDA,yes,https://doi.org/10.7937/BW9VBX61,C3L-05744,1.3.6.1.4.1.14519.5.2.1.1078.3707.145882970572680441692981641647,CT ABDOMEN  PELVISAB,10-04-2005,Pre-Dose RETROPERITONEAL LYMPH NODE - 1,Open Health Imaging Foundation,RTSTRUCT,RT Structure Set Storage,1.2.840.10008.5.1.4.1.1.481.3,1,40.35 KB,.\CPTAC-PDA\C3L-05744\10-04-2005-NA-CT ABDOMEN  PELVISAB-41647\3.000000-Pre-Dose RETROPERITONEAL LYMPH NODE - 1-071.4,2026-10-07T00:19:48.976
1.2.826.0.1.534147.667.2747872357.20234298819590.4,CPTAC-PDA,yes,https://doi.org/10.7937/BW9VBX61,C3L-05744,1.3.6.1.4.1.14519.5.2.1.1078.3707.145882970572680441692981641647,CT ABDOMEN  PELVISAB,10-04-2005,Pre-Dose RETROPERITONEAL LYMPH NODE - 1 - SEED POINT,Open Health Imaging Foundation,RTSTRUCT,RT Structure Set Storage,1.2.840.10008.5.1.4.1.1.481.3,1,3.93 KB,.\CPTAC-PDA\C3L-05744\10-04-2005-NA-CT ABDOMEN  PELVISAB-41647\3.000000-Pre-Dose RETROPERITONEAL LYMPH NODE - 1 - SEED POINT-590.4,2026-10-07T00:19:49.582
1.2.826.0.1.534147.756.812677238.2023217113647943.4,CPTAC-PDA,yes,https://doi.org/10.7937/BW9VBX61,C3L-05744,1.3.6.1.4.1.14519.5.2.1.1078.3707.145882970572680441692981641647,CT ABDOMEN  PELVISAB,10-04-2005,Pre-Dose PANCREATIC DUCT - 1,Open Health Imaging Foundation,RTSTRUCT,RT Structure Set Storage,1.2.840.10008.5.1.4.1.1.481.3,1,18.33 KB,.\CPTAC-PDA\C3L-05744\10-04-2005-NA-CT ABDOMEN  PELVISAB-41647\3.000000-Pre-Dose PANCREATIC DUCT - 1-943.4,2026-10-07T00:19:49.832
1.2.826.0.1.534147.756.812677238.202321711374839,CPTAC-PDA,yes,https://doi.org/10.7937/BW9VBX61,C3L-05744,1.3.6.1.4.1.14519.5.2.1.1078.3707.145882970572680441692981641647,CT ABDOMEN  PELVISAB,10-04-2005,Pre-Dose PANCREATIC DUCT - 1 - SEED POINT,Open Health Imaging Foundation,RTSTRUCT,RT Structure Set Storage,1.2.840.10008.5.1.4.1.1.481.3,1,3.87 KB,.\CPTAC-PDA\C3L-05744\10-04-2005-NA-CT ABDOMEN  PELVISAB-41647\3.000000-Pre-Dose PANCREATIC DUCT - 1 - SEED POINT-74839,2026-10-07T00:19:50.523
1.2.826.0.1.534147.756.812677238.2023217115715365.4,CPTAC-PDA,yes,https://doi.org/10.7937/BW9VBX61,C3L-05745,1.3.6.1.4.1.14519.5.2.1.1078.3707.162877249930776362098336308260,CT ABDOMEN  PELVIS ENHANCEDAB,11-06-2005,Pre-Dose PANCREAS - 1 - SEED POINT,Open Health Imaging Foundation,RTSTRUCT,RT Structure Set Storage,1.2.840.10008.5.1.4.1.1.481.3,1,3.83 KB,.\CPTAC-PDA\C3L-05745\11-06-2005-NA-CT ABDOMEN  PELVIS ENHANCEDAB-08260\601.000000-Pre-Dose PANCREAS - 1 - SEED POINT-365.4,2026-10-07T00:19:51.196
1.2.826.0.1.534147.756.812677238.2023217115658921,CPTAC-PDA,yes,https://doi.org/10.7937/BW9VBX61,C3L-05745,1.3.6.1.4.1.14519.5.2.1.1078.3707.162877249930776362098336308260,CT ABDOMEN  PELVIS ENHANCEDAB,11-06-2005,Pre-Dose PANCREAS - 1,Open Health Imaging Foundation,RTSTRUCT,RT Structure Set Storage,1.2.840.10008.5.1.4.1.1.481.3,1,57.21 KB,.\CPTAC-PDA\C3L-05745\11-06-2005-NA-CT ABDOMEN  PELVIS ENHANCEDAB-08260\601.000000-Pre-Dose PANCREAS - 1-58921,2026-10-07T00:19:51.379
1.2.826.0.1.534147.756.812677238.2023217115559473.4,CPTAC-PDA,yes,https://doi.org/10.7937/BW9VBX61,C3L-05746,1.3.6.1.4.1.14519.5.2.1.1078.3707.197514032601088377675158979979,CT ABDOMEN  PELVIS ENHANCEDAB,10-23-2005,Pre-Dose PANCREAS - 1 - SEED POINT,Open Health Imaging Foundation,RTSTRUCT,RT Structure Set Storage,1.2.840.10008.5.1.4.1.1.481.3,1,3.83 KB,.\CPTAC-PDA\C3L-05746\10-23-2005-NA-CT ABDOMEN  PELVIS ENHANCEDAB-79979\601.000000-Pre-Dose PANCREAS - 1 - SEED POINT-473.4,2026-10-07T00:19:52.662
1.2.826.0.1.534147.756.812677238.2023217115544148.4,CPTAC-PDA,yes,https://doi.org/10.7937/BW9VBX61,C3L-05746,1.3.6.1.4.1.14519.5.2.1.1078.3707.197514032601088377675158979979,CT ABDOMEN  PELVIS ENHANCEDAB,10-23-2005,Pre-Dose PANCREAS - 1,Open Health Imaging Foundation,RTSTRUCT,RT Structure Set Storage,1.2.840.10008.5.1.4.1.1.481.3,1,52.57 KB,.\CPTAC-PDA\C3L-05746\10-23-2005-NA-CT ABDOMEN  PELVIS ENHANCEDAB-79979\601.000000-Pre-Dose PANCREAS - 1-148.4,2026-10-07T00:19:52.737
1.2.826.0.1.534147.667.2747872357.20234195344473.4,CPTAC-PDA,yes,https://doi.org/10.7937/BW9VBX61,C3L-05748,1.3.6.1.4.1.14519.5.2.1.1078.3707.159264127752737707758305281510,CT CHEST ABDOMEN  PELVIS ENHANCEDAB,11-22-2005,Pre-Dose PANCREAS - 1 - SEED POINT,Open Health Imaging Foundation,RTSTRUCT,RT Structure Set Storage,1.2.840.10008.5.1.4.1.1.481.3,1,3.85 KB,.\CPTAC-PDA\C3L-05748\11-22-2005-NA-CT CHEST ABDOMEN  PELVIS ENHANCEDAB-81510\6.000000-Pre-Dose PANCREAS - 1 - SEED POINT-473.4,2026-10-07T00:19:54.662
1.2.826.0.1.534147.667.2747872357.202341951117870.4,CPTAC-PDA,yes,https://doi.org/10.7937/BW9VBX61,C3L-05750,1.3.6.1.4.1.14519.5.2.1.1078.3707.314281388075677716036858157039,MR ABDOMEN NONENHANCED  ENHANCEDAB,10-21-2005,Pre-Dose PANCREAS - 1,Open Health Imaging Foundation,RTSTRUCT,RT Structure Set Storage,1.2.840.10008.5.1.4.1.1.481.3,1,25.25 KB,.\CPTAC-PDA\C3L-05750\10-21-2005-NA-MR ABDOMEN NONENHANCED  ENHANCEDAB-57039\14.000000-Pre-Dose PANCREAS - 1-870.4,2026-10-07T00:19:54.953
1.2.826.0.1.534147.667.2747872357.202341951130141.4,CPTAC-PDA,yes,https://doi.org/10.7937/BW9VBX61,C3L-05750,1.3.6.1.4.1.14519.5.2.1.1078.3707.314281388075677716036858157039,MR ABDOMEN NONENHANCED  ENHANCEDAB,10-21-2005,Pre-Dose PANCREAS - 1 - SEED POINT,Open Health Imaging Foundation,RTSTRUCT,RT Structure Set Storage,1.2.840.10008.5.1.4.1.1.481.3,1,3.86 KB,.\CPTAC-PDA\C3L-05750\10-21-2005-NA-MR ABDOMEN NONENHANCED  ENHANCEDAB-57039\14.000000-Pre-Dose PANCREAS - 1 - SEED POINT-141.4,2026-10-07T00:19:55.98
1.2.826.0.1.534147.667.2747872357.20234195816985.4,CPTAC-PDA,yes,https://doi.org/10.7937/BW9VBX61,C3L-05750,1.3.6.1.4.1.14519.5.2.1.1078.3707.314281388075677716036858157039,MR ABDOMEN NONENHANCED  ENHANCEDAB,10-21-2005,Pre-Dose PANCREAS - 1,Open Health Imaging Foundation,RTSTRUCT,RT Structure Set Storage,1.2.840.10008.5.1.4.1.1.481.3,1,25.30 KB,.\CPTAC-PDA\C3L-05750\10-21-2005-NA-MR ABDOMEN NONENHANCED  ENHANCEDAB-57039\9.000000-Pre-Dose PANCREAS - 1-985.4,2026-10-07T00:19:57.405
1.2.826.0.1.534147.667.2747872357.20234195826577.4,CPTAC-PDA,yes,https://doi.org/10.7937/BW9VBX61,C3L-05750,1.3.6.1.4.1.14519.5.2.1.1078.3707.314281388075677716036858157039,MR ABDOMEN NONENHANCED  ENHANCEDAB,10-21-2005,Pre-Dose PANCREAS - 1 - SEED POINT,Open Health Imaging Foundation,RTSTRUCT,RT Structure Set Storage,1.2.840.10008.5.1.4.1.1.481.3,1,3.85 KB,.\CPTAC-PDA\C3L-05750\10-21-2005-NA-MR ABDOMEN NONENHANCED  ENHANCEDAB-57039\9.000000-Pre-Dose PANCREAS - 1 - SEED POINT-577.4,2026-10-07T00:19:57.452
1.2.826.0.1.534147.667.2747872357.20234195233217.4,CPTAC-PDA,yes,https://doi.org/10.7937/BW9VBX61,C3L-05748,1.3.6.1.4.1.14519.5.2.1.1078.3707.159264127752737707758305281510,CT CHEST ABDOMEN  PELVIS ENHANCEDAB,11-22-2005,Pre-Dose PANCREAS - 1,Open Health Imaging Foundation,RTSTRUCT,RT Structure Set Storage,1.2.840.10008.5.1.4.1.1.481.3,1,233.47 KB,.\CPTAC-PDA\C3L-05748\11-22-2005-NA-CT CHEST ABDOMEN  PELVIS ENHANCEDAB-81510\6.000000-Pre-Dose PANCREAS - 1-217.4,2026-10-07T00:19:58.735
1.2.826.0.1.534147.667.2747872357.202342442828669.4,CPTAC-PDA,yes,https://doi.org/10.7937/BW9VBX61,C3L-05752,1.3.6.1.4.1.14519.5.2.1.1078.3707.263676217610199255474920063039,CT ABDOMEN NONENH  ENHANCEDAB,10-30-2005,Pre-Dose PERIPANCREATIC LYMPH NODE - 1 - SEED POINT,Open Health Imaging Foundation,RTSTRUCT,RT Structure Set Storage,1.2.840.10008.5.1.4.1.1.481.3,1,3.89 KB,.\CPTAC-PDA\C3L-05752\10-30-2005-NA-CT ABDOMEN NONENH  ENHANCEDAB-63039\6.000000-Pre-Dose PERIPANCREATIC LYMPH NODE - 1 - SEED POINT-669.4,2026-10-07T00:19:58.746
1.2.826.0.1.534147.667.2747872357.202342442815868.4,CPTAC-PDA,yes,https://doi.org/10.7937/BW9VBX61,C3L-05752,1.3.6.1.4.1.14519.5.2.1.1078.3707.263676217610199255474920063039,CT ABDOMEN NONENH  ENHANCEDAB,10-30-2005,Pre-Dose PERIPANCREATIC LYMPH NODE - 1,Open Health Imaging Foundation,RTSTRUCT,RT Structure Set Storage,1.2.840.10008.5.1.4.1.1.481.3,1,37.90 KB,.\CPTAC-PDA\C3L-05752\10-30-2005-NA-CT ABDOMEN NONENH  ENHANCEDAB-63039\6.000000-Pre-Dose PERIPANCREATIC LYMPH NODE - 1-868.4,2026-10-07T00:19:59.011
1.2.826.0.1.534147.667.2747872357.202342442839572,CPTAC-PDA,yes,https://doi.org/10.7937/BW9VBX61,C3L-05752,1.3.6.1.4.1.14519.5.2.1.1078.3707.263676217610199255474920063039,CT ABDOMEN NONENH  ENHANCEDAB,10-30-2005,Pre-Dose PANCREAS - 2,Open Health Imaging Foundation,RTSTRUCT,RT Structure Set Storage,1.2.840.10008.5.1.4.1.1.481.3,1,18.22 KB,.\CPTAC-PDA\C3L-05752\10-30-2005-NA-CT ABDOMEN NONENH  ENHANCEDAB-63039\6.000000-Pre-Dose PANCREAS - 2-39572,2026-10-07T00:20:00.684
1.2.826.0.1.534147.756.812677238.202322044854715.4,CPTAC-PDA,yes,https://doi.org/10.7937/BW9VBX61,C3L-05752,1.3.6.1.4.1.14519.5.2.1.1078.3707.263676217610199255474920063039,CT ABDOMEN NONENH  ENHANCEDAB,10-30-2005,Pre-Dose PANCREAS - 1,Open Health Imaging Foundation,RTSTRUCT,RT Structure Set Storage,1.2.840.10008.5.1.4.1.1.481.3,1,10.91 KB,.\CPTAC-PDA\C3L-05752\10-30-2005-NA-CT ABDOMEN NONENH  ENHANCEDAB-63039\6.000000-Pre-Dose PANCREAS - 1-715.4,2026-10-07T00:20:01.246
1.2.826.0.1.534147.756.812677238.20232204496196.4,CPTAC-PDA,yes,https://doi.org/10.7937/BW9VBX61,C3L-05752,1.3.6.1.4.1.14519.5.2.1.1078.3707.263676217610199255474920063039,CT ABDOMEN NONENH  ENHANCEDAB,10-30-2005,Pre-Dose PANCREAS - 1 - SEED POINT,Open Health Imaging Foundation,RTSTRUCT,RT Structure Set Storage,1.2.840.10008.5.1.4.1.1.481.3,1,3.85 KB,.\CPTAC-PDA\C3L-05752\10-30-2005-NA-CT ABDOMEN NONENH  ENHANCEDAB-63039\6.000000-Pre-Dose PANCREAS - 1 - SEED POINT-196.4,2026-10-07T00:20:02.079
1.2.826.0.1.534147.667.2747872357.202342442849951.4,CPTAC-PDA,yes,https://doi.org/10.7937/BW9VBX61,C3L-05752,1.3.6.1.4.1.14519.5.2.1.1078.3707.263676217610199255474920063039,CT ABDOMEN NONENH  ENHANCEDAB,10-30-2005,Pre-Dose PANCREAS - 2 - SEED POINT,Open Health Imaging Foundation,RTSTRUCT,RT Structure Set Storage,1.2.840.10008.5.1.4.1.1.481.3,1,3.86 KB,.\CPTAC-PDA\C3L-05752\10-30-2005-NA-CT ABDOMEN NONENH  ENHANCEDAB-63039\6.000000-Pre-Dose PANCREAS - 2 - SEED POINT-951.4,2026-10-07T00:20:03.461
1.2.826.0.1.534147.667.2747872357.202341955728395.4,CPTAC-PDA,yes,https://doi.org/10.7937/BW9VBX61,C3L-05754,1.3.6.1.4.1.14519.5.2.1.1078.3707.169211600649903061949827586654,CT CHEST ABDOMEN  PELVIS ENHANCEDAB,09-17-2005,Pre-Dose MESENTERIC LYMPH NODE - 1,Open Health Imaging Foundation,RTSTRUCT,RT Structure Set Storage,1.2.840.10008.5.1.4.1.1.481.3,1,13.68 KB,.\CPTAC-PDA\C3L-05754\09-17-2005-NA-CT CHEST ABDOMEN  PELVIS ENHANCEDAB-86654\11.000000-Pre-Dose MESENTERIC LYMPH NODE - 1-395.4,2026-10-07T00:20:03.463
1.2.826.0.1.534147.667.2747872357.202341955741498,CPTAC-PDA,yes,https://doi.org/10.7937/BW9VBX61,C3L-05754,1.3.6.1.4.1.14519.5.2.1.1078.3707.169211600649903061949827586654,CT CHEST ABDOMEN  PELVIS ENHANCEDAB,09-17-2005,Pre-Dose MESENTERIC LYMPH NODE - 1 - SEED POINT,Open Health Imaging Foundation,RTSTRUCT,RT Structure Set Storage,1.2.840.10008.5.1.4.1.1.481.3,1,3.91 KB,.\CPTAC-PDA\C3L-05754\09-17-2005-NA-CT CHEST ABDOMEN  PELVIS ENHANCEDAB-86654\11.000000-Pre-Dose MESENTERIC LYMPH NODE - 1 - SEED POINT-41498,2026-10-07T00:20:04.213
1.2.826.0.1.534147.667.2747872357.202342255148573.4,CPTAC-PDA,yes,https://doi.org/10.7937/BW9VBX61,C3L-05754,1.3.6.1.4.1.14519.5.2.1.1078.3707.169211600649903061949827586654,CT CHEST ABDOMEN  PELVIS ENHANCEDAB,09-17-2005,Pre-Dose PANCREAS - 2 - SEED POINT,Open Health Imaging Foundation,RTSTRUCT,RT Structure Set Storage,1.2.840.10008.5.1.4.1.1.481.3,1,3.86 KB,.\CPTAC-PDA\C3L-05754\09-17-2005-NA-CT CHEST ABDOMEN  PELVIS ENHANCEDAB-86654\11.000000-Pre-Dose PANCREAS - 2 - SEED POINT-573.4,2026-10-07T00:20:05.093
1.2.826.0.1.534147.667.2747872357.202342255133256.4,CPTAC-PDA,yes,https://doi.org/10.7937/BW9VBX61,C3L-05754,1.3.6.1.4.1.14519.5.2.1.1078.3707.169211600649903061949827586654,CT CHEST ABDOMEN  PELVIS ENHANCEDAB,09-17-2005,Pre-Dose PANCREAS - 2,Open Health Imaging Foundation,RTSTRUCT,RT Structure Set Storage,1.2.840.10008.5.1.4.1.1.481.3,1,17.15 KB,.\CPTAC-PDA\C3L-05754\09-17-2005-NA-CT CHEST ABDOMEN  PELVIS ENHANCEDAB-86654\11.000000-Pre-Dose PANCREAS - 2-256.4,2026-10-07T00:20:05.392
1.2.826.0.1.534147.667.2747872357.202342724711310.4,CPTAC-PDA,yes,https://doi.org/10.7937/BW9VBX61,C3L-05754,1.3.6.1.4.1.14519.5.2.1.1078.3707.169211600649903061949827586654,CT CHEST ABDOMEN  PELVIS ENHANCEDAB,09-17-2005,Pre-Dose PANCREAS - 1 - SEED POINT,Open Health Imaging Foundation,RTSTRUCT,RT Structure Set Storage,1.2.840.10008.5.1.4.1.1.481.3,1,3.86 KB,.\CPTAC-PDA\C3L-05754\09-17-2005-NA-CT CHEST ABDOMEN  PELVIS ENHANCEDAB-86654\11.000000-Pre-Dose PANCREAS - 1 - SEED POINT-310.4,2026-10-07T00:20:05.741
1.2.826.0.1.534147.667.2747872357.20234272472715.4,CPTAC-PDA,yes,https://doi.org/10.7937/BW9VBX61,C3L-05754,1.3.6.1.4.1.14519.5.2.1.1078.3707.169211600649903061949827586654,CT CHEST ABDOMEN  PELVIS ENHANCEDAB,09-17-2005,Pre-Dose PANCREAS - 1,Open Health Imaging Foundation,RTSTRUCT,RT Structure Set Storage,1.2.840.10008.5.1.4.1.1.481.3,1,22.20 KB,.\CPTAC-PDA\C3L-05754\09-17-2005-NA-CT CHEST ABDOMEN  PELVIS ENHANCEDAB-86654\11.000000-Pre-Dose PANCREAS - 1-715.4,2026-10-07T00:20:06.726
1.2.826.0.1.534147.756.812677238.202322052625158.4,CPTAC-PDA,yes,https://doi.org/10.7937/BW9VBX61,C3L-05754,1.3.6.1.4.1.14519.5.2.1.1078.3707.169211600649903061949827586654,CT CHEST ABDOMEN  PELVIS ENHANCEDAB,09-17-2005,Pre-Dose No Findings,Open Health Imaging Foundation,RTSTRUCT,RT Structure Set Storage,1.2.840.10008.5.1.4.1.1.481.3,1,3.21 KB,.\CPTAC-PDA\C3L-05754\09-17-2005-NA-CT CHEST ABDOMEN  PELVIS ENHANCEDAB-86654\4.000000-Pre-Dose No Findings-158.4,2026-10-07T00:20:06.733
1.2.826.0.1.534147.667.2747872357.202342375238463.4,CPTAC-PDA,yes,https://doi.org/10.7937/BW9VBX61,C3L-06146,1.3.6.1.4.1.14519.5.2.1.1427.3273.306059699890895882075337614272,CT ABDPEL EXTERNAL IMAGING,08-22-2012,Pre-Dose PANCREAS - 1,Open Health Imaging Foundation,RTSTRUCT,RT Structure Set Storage,1.2.840.10008.5.1.4.1.1.481.3,1,28.47 KB,.\CPTAC-PDA\C3L-06146\08-22-2012-NA-CT ABDPEL EXTERNAL IMAGING-14272\2.000000-Pre-Dose PANCREAS - 1-463.4,2026-10-07T00:20:07.457
1.2.826.0.1.534147.667.2747872357.202342375245401.4,CPTAC-PDA,yes,https://doi.org/10.7937/BW9VBX61,C3L-06146,1.3.6.1.4.1.14519.5.2.1.1427.3273.306059699890895882075337614272,CT ABDPEL EXTERNAL IMAGING,08-22-2012,Pre-Dose PANCREAS - 1 - SEED POINT,Open Health Imaging Foundation,RTSTRUCT,RT Structure Set Storage,1.2.840.10008.5.1.4.1.1.481.3,1,3.85 KB,.\CPTAC-PDA\C3L-06146\08-22-2012-NA-CT ABDPEL EXTERNAL IMAGING-14272\2.000000-Pre-Dose PANCREAS - 1 - SEED POINT-401.4,2026-10-07T00:20:08.531
1.2.826.0.1.534147.667.2747872357.202342375455487.4,CPTAC-PDA,yes,https://doi.org/10.7937/BW9VBX61,C3L-06153,1.3.6.1.4.1.14519.5.2.1.1427.3273.234954617623115283859598768084,CT ABDPEL EXTERNAL IMAGING,08-03-2012,Pre-Dose PANCREAS - 1,Open Health Imaging Foundation,RTSTRUCT,RT Structure Set Storage,1.2.840.10008.5.1.4.1.1.481.3,1,14.99 KB,.\CPTAC-PDA\C3L-06153\08-03-2012-NA-CT ABDPEL EXTERNAL IMAGING-68084\4.000000-Pre-Dose PANCREAS - 1-487.4,2026-10-07T00:20:09.084
1.2.826.0.1.534147.667.2747872357.20234237552142.4,CPTAC-PDA,yes,https://doi.org/10.7937/BW9VBX61,C3L-06153,1.3.6.1.4.1.14519.5.2.1.1427.3273.234954617623115283859598768084,CT ABDPEL EXTERNAL IMAGING,08-03-2012,Pre-Dose PANCREAS - 1 - SEED POINT,Open Health Imaging Foundation,RTSTRUCT,RT Structure Set Storage,1.2.840.10008.5.1.4.1.1.481.3,1,3.87 KB,.\CPTAC-PDA\C3L-06153\08-03-2012-NA-CT ABDPEL EXTERNAL IMAGING-68084\4.000000-Pre-Dose PANCREAS - 1 - SEED POINT-142.4,2026-10-07T00:20:09.395
1.2.826.0.1.534147.667.2747872357.202342375547772,CPTAC-PDA,yes,https://doi.org/10.7937/BW9VBX61,C3L-06153,1.3.6.1.4.1.14519.5.2.1.1427.3273.234954617623115283859598768084,CT ABDPEL EXTERNAL IMAGING,08-03-2012,Pre-Dose PANCREAS - 1 - SEED POINT,Open Health Imaging Foundation,RTSTRUCT,RT Structure Set Storage,1.2.840.10008.5.1.4.1.1.481.3,1,3.87 KB,.\CPTAC-PDA\C3L-06153\08-03-2012-NA-CT ABDPEL EXTERNAL IMAGING-68084\6.000000-Pre-Dose PANCREAS - 1 - SEED POINT-47772,2026-10-07T00:20:10.418
1.2.826.0.1.534147.667.2747872357.202342375542594.4,CPTAC-PDA,yes,https://doi.org/10.7937/BW9VBX61,C3L-06153,1.3.6.1.4.1.14519.5.2.1.1427.3273.234954617623115283859598768084,CT ABDPEL EXTERNAL IMAGING,08-03-2012,Pre-Dose PANCREAS - 1,Open Health Imaging Foundation,RTSTRUCT,RT Structure Set Storage,1.2.840.10008.5.1.4.1.1.481.3,1,24.22 KB,.\CPTAC-PDA\C3L-06153\08-03-2012-NA-CT ABDPEL EXTERNAL IMAGING-68084\6.000000-Pre-Dose PANCREAS - 1-594.4,2026-10-07T00:20:10.827
1.2.826.0.1.534147.667.2747872357.202342375619559.4,CPTAC-PDA,yes,https://doi.org/10.7937/BW9VBX61,C3L-06153,1.3.6.1.4.1.14519.5.2.1.1427.3273.234954617623115283859598768084,CT ABDPEL EXTERNAL IMAGING,08-03-2012,Pre-Dose PANCREAS - 1,Open Health Imaging Foundation,RTSTRUCT,RT Structure Set Storage,1.2.840.10008.5.1.4.1.1.481.3,1,13.02 KB,.\CPTAC-PDA\C3L-06153\08-03-2012-NA-CT ABDPEL EXTERNAL IMAGING-68084\8.000000-Pre-Dose PANCREAS - 1-559.4,2026-10-07T00:20:11.132
1.2.826.0.1.534147.667.2747872357.202342375627340.4,CPTAC-PDA,yes,https://doi.org/10.7937/BW9VBX61,C3L-06153,1.3.6.1.4.1.14519.5.2.1.1427.3273.234954617623115283859598768084,CT ABDPEL EXTERNAL IMAGING,08-03-2012,Pre-Dose PANCREAS - 1 - SEED POINT,Open Health Imaging Foundation,RTSTRUCT,RT Structure Set Storage,1.2.840.10008.5.1.4.1.1.481.3,1,3.88 KB,.\CPTAC-PDA\C3L-06153\08-03-2012-NA-CT ABDPEL EXTERNAL IMAGING-68084\8.000000-Pre-Dose PANCREAS - 1 - SEED POINT-340.4,2026-10-07T00:20:11.933
1.2.826.0.1.534147.667.2747872357.20234238657982.4,CPTAC-PDA,yes,https://doi.org/10.7937/BW9VBX61,C3N-00198,1.3.6.1.4.1.14519.5.2.1.7085.2626.145914747236522315106121292628,CT CHEST WO IV CONTRAST,09-10-2009,Post-Chemotherapy 1 LYMPH NODE - 1,Open Health Imaging Foundation,RTSTRUCT,RT Structure Set Storage,1.2.840.10008.5.1.4.1.1.481.3,1,30.59 KB,.\CPTAC-PDA\C3N-00198\09-10-2009-NA-CT CHEST WO IV CONTRAST-92628\2.000000-Post-Chemotherapy 1 LYMPH NODE - 1-982.4,2026-10-07T00:20:12.465
1.2.826.0.1.534147.667.2747872357.2023423875495.4,CPTAC-PDA,yes,https://doi.org/10.7937/BW9VBX61,C3N-00198,1.3.6.1.4.1.14519.5.2.1.7085.2626.145914747236522315106121292628,CT CHEST WO IV CONTRAST,09-10-2009,Post-Chemotherapy 1 LYMPH NODE - 1 - SEED POINT,Open Health Imaging Foundation,RTSTRUCT,RT Structure Set Storage,1.2.840.10008.5.1.4.1.1.481.3,1,3.88 KB,.\CPTAC-PDA\C3N-00198\09-10-2009-NA-CT CHEST WO IV CONTRAST-92628\2.000000-Post-Chemotherapy 1 LYMPH NODE - 1 - SEED POINT-495.4,2026-10-07T00:20:12.468
1.2.826.0.1.534147.667.2747872357.20234238138433.4,CPTAC-PDA,yes,https://doi.org/10.7937/BW9VBX61,C3N-00198,1.3.6.1.4.1.14519.5.2.1.7085.2626.822645453932810382886582736291,CT ABDOMEN W IV CONTRAST,08-31-2009,Pre-Dose LYMPH NODE - 1,Open Health Imaging Foundation,RTSTRUCT,RT Structure Set Storage,1.2.840.10008.5.1.4.1.1.481.3,1,45.37 KB,.\CPTAC-PDA\C3N-00198\08-31-2009-NA-CT ABDOMEN W IV CONTRAST-36291\6.000000-Pre-Dose LYMPH NODE - 1-433.4,2026-10-07T00:20:13.938
1.2.826.0.1.534147.667.2747872357.20234238148559.4,CPTAC-PDA,yes,https://doi.org/10.7937/BW9VBX61,C3N-00198,1.3.6.1.4.1.14519.5.2.1.7085.2626.822645453932810382886582736291,CT ABDOMEN W IV CONTRAST,08-31-2009,Pre-Dose LYMPH NODE - 1 - SEED POINT,Open Health Imaging Foundation,RTSTRUCT,RT Structure Set Storage,1.2.840.10008.5.1.4.1.1.481.3,1,3.85 KB,.\CPTAC-PDA\C3N-00198\08-31-2009-NA-CT ABDOMEN W IV CONTRAST-36291\6.000000-Pre-Dose LYMPH NODE - 1 - SEED POINT-559.4,2026-10-07T00:20:13.942
1.2.826.0.1.534147.667.2747872357.20234238157998.4,CPTAC-PDA,yes,https://doi.org/10.7937/BW9VBX61,C3N-00198,1.3.6.1.4.1.14519.5.2.1.7085.2626.822645453932810382886582736291,CT ABDOMEN W IV CONTRAST,08-31-2009,Pre-Dose PANCREAS - 1,Open Health Imaging Foundation,RTSTRUCT,RT Structure Set Storage,1.2.840.10008.5.1.4.1.1.481.3,1,51.29 KB,.\CPTAC-PDA\C3N-00198\08-31-2009-NA-CT ABDOMEN W IV CONTRAST-36291\6.000000-Pre-Dose PANCREAS - 1-998.4,2026-10-07T00:20:14.606
1.2.826.0.1.534147.667.2747872357.20234238423308.4,CPTAC-PDA,yes,https://doi.org/10.7937/BW9VBX61,C3N-00198,1.3.6.1.4.1.14519.5.2.1.7085.2626.822645453932810382886582736291,CT ABDOMEN W IV CONTRAST,08-31-2009,Pre-Dose PANCREAS - 1 - SEED POINT,Open Health Imaging Foundation,RTSTRUCT,RT Structure Set Storage,1.2.840.10008.5.1.4.1.1.481.3,1,3.83 KB,.\CPTAC-PDA\C3N-00198\08-31-2009-NA-CT ABDOMEN W IV CONTRAST-36291\8.000000-Pre-Dose PANCREAS - 1 - SEED POINT-308.4,2026-10-07T00:20:16.047
1.2.826.0.1.534147.667.2747872357.20234238414278.4,CPTAC-PDA,yes,https://doi.org/10.7937/BW9VBX61,C3N-00198,1.3.6.1.4.1.14519.5.2.1.7085.2626.822645453932810382886582736291,CT ABDOMEN W IV CONTRAST,08-31-2009,Pre-Dose PANCREAS - 1,Open Health Imaging Foundation,RTSTRUCT,RT Structure Set Storage,1.2.840.10008.5.1.4.1.1.481.3,1,58.36 KB,.\CPTAC-PDA\C3N-00198\08-31-2009-NA-CT ABDOMEN W IV CONTRAST-36291\8.000000-Pre-Dose PANCREAS - 1-278.4,2026-10-07T00:20:16.56
1.2.826.0.1.534147.667.2747872357.2023423825555.4,CPTAC-PDA,yes,https://doi.org/10.7937/BW9VBX61,C3N-00198,1.3.6.1.4.1.14519.5.2.1.7085.2626.822645453932810382886582736291,CT ABDOMEN W IV CONTRAST,08-31-2009,Pre-Dose PANCREAS - 1 - SEED POINT,Open Health Imaging Foundation,RTSTRUCT,RT Structure Set Storage,1.2.840.10008.5.1.4.1.1.481.3,1,3.83 KB,.\CPTAC-PDA\C3N-00198\08-31-2009-NA-CT ABDOMEN W IV CONTRAST-36291\6.000000-Pre-Dose PANCREAS - 1 - SEED POINT-555.4,2026-10-07T00:20:17.158
1.2.826.0.1.534147.667.2747872357.20234238442148.4,CPTAC-PDA,yes,https://doi.org/10.7937/BW9VBX61,C3N-00198,1.3.6.1.4.1.14519.5.2.1.7085.2626.822645453932810382886582736291,CT ABDOMEN W IV CONTRAST,08-31-2009,Pre-Dose LYMPH NODE - 1 - SEED POINT,Open Health Imaging Foundation,RTSTRUCT,RT Structure Set Storage,1.2.840.10008.5.1.4.1.1.481.3,1,3.85 KB,.\CPTAC-PDA\C3N-00198\08-31-2009-NA-CT ABDOMEN W IV CONTRAST-36291\8.000000-Pre-Dose LYMPH NODE - 1 - SEED POINT-148.4,2026-10-07T00:20:17.916
1.2.826.0.1.534147.667.2747872357.20234238432623.4,CPTAC-PDA,yes,https://doi.org/10.7937/BW9VBX61,C3N-00198,1.3.6.1.4.1.14519.5.2.1.7085.2626.822645453932810382886582736291,CT ABDOMEN W IV CONTRAST,08-31-2009,Pre-Dose LYMPH NODE - 1,Open Health Imaging Foundation,RTSTRUCT,RT Structure Set Storage,1.2.840.10008.5.1.4.1.1.481.3,1,66.86 KB,.\CPTAC-PDA\C3N-00198\08-31-2009-NA-CT ABDOMEN W IV CONTRAST-36291\8.000000-Pre-Dose LYMPH NODE - 1-623.4,2026-10-07T00:20:18.515
1.2.826.0.1.534147.667.2747872357.20234238526368.4,CPTAC-PDA,yes,https://doi.org/10.7937/BW9VBX61,C3N-00198,1.3.6.1.4.1.14519.5.2.1.7085.2626.822645453932810382886582736291,CT ABDOMEN W IV CONTRAST,08-31-2009,Pre-Dose LEFT LUNG - 1,Open Health Imaging Foundation,RTSTRUCT,RT Structure Set Storage,1.2.840.10008.5.1.4.1.1.481.3,1,14.13 KB,.\CPTAC-PDA\C3N-00198\08-31-2009-NA-CT ABDOMEN W IV CONTRAST-36291\8.000000-Pre-Dose LEFT LUNG - 1-368.4,2026-10-07T00:20:19.232
1.2.826.0.1.534147.667.2747872357.20234238534331.4,CPTAC-PDA,yes,https://doi.org/10.7937/BW9VBX61,C3N-00198,1.3.6.1.4.1.14519.5.2.1.7085.2626.822645453932810382886582736291,CT ABDOMEN W IV CONTRAST,08-31-2009,Pre-Dose LEFT LUNG - 1 - SEED POINT,Open Health Imaging Foundation,RTSTRUCT,RT Structure Set Storage,1.2.840.10008.5.1.4.1.1.481.3,1,3.83 KB,.\CPTAC-PDA\C3N-00198\08-31-2009-NA-CT ABDOMEN W IV CONTRAST-36291\8.000000-Pre-Dose LEFT LUNG - 1 - SEED POINT-331.4,2026-10-07T00:20:19.836
1.2.826.0.1.534147.756.812677238.202322842550217.4,CPTAC-PDA,yes,https://doi.org/10.7937/BW9VBX61,C3N-00198,1.3.6.1.4.1.14519.5.2.1.7085.2626.822645453932810382886582736291,CT ABDOMEN W IV CONTRAST,08-31-2009,Pre-Dose LIVER - 1 - SEED POINT,Open Health Imaging Foundation,RTSTRUCT,RT Structure Set Storage,1.2.840.10008.5.1.4.1.1.481.3,1,3.81 KB,.\CPTAC-PDA\C3N-00198\08-31-2009-NA-CT ABDOMEN W IV CONTRAST-36291\8.000000-Pre-Dose LIVER - 1 - SEED POINT-217.4,2026-10-07T00:20:20.76
1.2.826.0.1.534147.756.812677238.202322842531425.4,CPTAC-PDA,yes,https://doi.org/10.7937/BW9VBX61,C3N-00198,1.3.6.1.4.1.14519.5.2.1.7085.2626.822645453932810382886582736291,CT ABDOMEN W IV CONTRAST,08-31-2009,Pre-Dose LIVER - 1,Open Health Imaging Foundation,RTSTRUCT,RT Structure Set Storage,1.2.840.10008.5.1.4.1.1.481.3,1,24.29 KB,.\CPTAC-PDA\C3N-00198\08-31-2009-NA-CT ABDOMEN W IV CONTRAST-36291\8.000000-Pre-Dose LIVER - 1-425.4,2026-10-07T00:20:21.328
1.2.826.0.1.534147.756.812677238.202322842910982.4,CPTAC-PDA,yes,https://doi.org/10.7937/BW9VBX61,C3N-00198,1.3.6.1.4.1.14519.5.2.1.7085.2626.822645453932810382886582736291,CT ABDOMEN W IV CONTRAST,08-31-2009,Pre-Dose LIVER - 2,Open Health Imaging Foundation,RTSTRUCT,RT Structure Set Storage,1.2.840.10008.5.1.4.1.1.481.3,1,10.47 KB,.\CPTAC-PDA\C3N-00198\08-31-2009-NA-CT ABDOMEN W IV CONTRAST-36291\8.000000-Pre-Dose LIVER - 2-982.4,2026-10-07T00:20:21.669
1.2.826.0.1.534147.756.812677238.202322842929352.4,CPTAC-PDA,yes,https://doi.org/10.7937/BW9VBX61,C3N-00198,1.3.6.1.4.1.14519.5.2.1.7085.2626.822645453932810382886582736291,CT ABDOMEN W IV CONTRAST,08-31-2009,Pre-Dose LIVER - 2 - SEED POINT,Open Health Imaging Foundation,RTSTRUCT,RT Structure Set Storage,1.2.840.10008.5.1.4.1.1.481.3,1,3.82 KB,.\CPTAC-PDA\C3N-00198\08-31-2009-NA-CT ABDOMEN W IV CONTRAST-36291\8.000000-Pre-Dose LIVER - 2 - SEED POINT-352.4,2026-10-07T00:20:23.324
1.2.826.0.1.534147.756.812677238.202322843620748.4,CPTAC-PDA,yes,https://doi.org/10.7937/BW9VBX61,C3N-00198,1.3.6.1.4.1.14519.5.2.1.7085.2626.822645453932810382886582736291,CT ABDOMEN W IV CONTRAST,08-31-2009,Pre-Dose LEFT LUNG - 1 - SEED POINT,Open Health Imaging Foundation,RTSTRUCT,RT Structure Set Storage,1.2.840.10008.5.1.4.1.1.481.3,1,3.83 KB,.\CPTAC-PDA\C3N-00198\08-31-2009-NA-CT ABDOMEN W IV CONTRAST-36291\9.000000-Pre-Dose LEFT LUNG - 1 - SEED POINT-748.4,2026-10-07T00:20:23.465
1.2.826.0.1.534147.667.2747872357.20234238116133.4,CPTAC-PDA,yes,https://doi.org/10.7937/BW9VBX61,C3N-00249,1.3.6.1.4.1.14519.5.2.1.7085.2626.300036405768886346261819580052,CT CHEST W IV CONTRAST,11-22-2009,Pre-Dose PANCREAS - 1 - SEED POINT,Open Health Imaging Foundation,RTSTRUCT,RT Structure Set Storage,1.2.840.10008.5.1.4.1.1.481.3,1,3.84 KB,.\CPTAC-PDA\C3N-00249\11-22-2009-NA-CT CHEST W IV CONTRAST-80052\2.000000-Pre-Dose PANCREAS - 1 - SEED POINT-133.4,2026-10-07T00:20:24.859
1.2.826.0.1.534147.756.812677238.20232284361972,CPTAC-PDA,yes,https://doi.org/10.7937/BW9VBX61,C3N-00198,1.3.6.1.4.1.14519.5.2.1.7085.2626.822645453932810382886582736291,CT ABDOMEN W IV CONTRAST,08-31-2009,Pre-Dose LEFT LUNG - 1,Open Health Imaging Foundation,RTSTRUCT,RT Structure Set Storage,1.2.840.10008.5.1.4.1.1.481.3,1,14.01 KB,.\CPTAC-PDA\C3N-00198\08-31-2009-NA-CT ABDOMEN W IV CONTRAST-36291\9.000000-Pre-Dose LEFT LUNG - 1-61972,2026-10-07T00:20:25.264
1.2.826.0.1.534147.667.2747872357.202342381051886.4,CPTAC-PDA,yes,https://doi.org/10.7937/BW9VBX61,C3N-00249,1.3.6.1.4.1.14519.5.2.1.7085.2626.300036405768886346261819580052,CT CHEST W IV CONTRAST,11-22-2009,Pre-Dose PANCREAS - 1,Open Health Imaging Foundation,RTSTRUCT,RT Structure Set Storage,1.2.840.10008.5.1.4.1.1.481.3,1,47.05 KB,.\CPTAC-PDA\C3N-00249\11-22-2009-NA-CT CHEST W IV CONTRAST-80052\2.000000-Pre-Dose PANCREAS - 1-886.4,2026-10-07T00:20:25.677
1.2.826.0.1.534147.667.2747872357.2023423894840.4,CPTAC-PDA,yes,https://doi.org/10.7937/BW9VBX61,C3N-00249,1.3.6.1.4.1.14519.5.2.1.7085.2626.724767261929333480121049963248,CT GUIDED BIOPSYPANCREAS,11-09-2009,Pre-Dose No Findings,Open Health Imaging Foundation,RTSTRUCT,RT Structure Set Storage,1.2.840.10008.5.1.4.1.1.481.3,1,3.20 KB,.\CPTAC-PDA\C3N-00249\11-09-2009-NA-CT GUIDED BIOPSYPANCREAS-63248\2.000000-Pre-Dose No Findings-840.4,2026-10-07T00:20:26.484
1.2.826.0.1.534147.756.812677238.202322845315528.4,CPTAC-PDA,yes,https://doi.org/10.7937/BW9VBX61,C3N-00302,1.3.6.1.4.1.14519.5.2.1.3320.3273.187887287595062235569464754966,AbdomenKLPJBM Adult,10-19-1999,Pre-Dose PANCREAS - 1 - SEED POINT,Open Health Imaging Foundation,RTSTRUCT,RT Structure Set Storage,1.2.840.10008.5.1.4.1.1.481.3,1,3.84 KB,.\CPTAC-PDA\C3N-00302\10-19-1999-NA-AbdomenKLPJBM Adult-54966\5.000000-Pre-Dose PANCREAS - 1 - SEED POINT-528.4,2026-10-07T00:20:28.734
1.2.826.0.1.534147.667.2747872357.202342381352864,CPTAC-PDA,yes,https://doi.org/10.7937/BW9VBX61,C3N-00302,1.3.6.1.4.1.14519.5.2.1.3320.3273.253612125559406659861387502732,STANDARD Abdomen,10-19-1999,Pre-Dose PANCREAS - 1,Open Health Imaging Foundation,RTSTRUCT,RT Structure Set Storage,1.2.840.10008.5.1.4.1.1.481.3,1,18.24 KB,.\CPTAC-PDA\C3N-00302\10-19-1999-NA-STANDARD Abdomen-02732\15.000000-Pre-Dose PANCREAS - 1-52864,2026-10-07T00:20:28.747
1.2.826.0.1.534147.756.812677238.202322845236857.4,CPTAC-PDA,yes,https://doi.org/10.7937/BW9VBX61,C3N-00302,1.3.6.1.4.1.14519.5.2.1.3320.3273.187887287595062235569464754966,AbdomenKLPJBM Adult,10-19-1999,Pre-Dose PANCREAS - 1,Open Health Imaging Foundation,RTSTRUCT,RT Structure Set Storage,1.2.840.10008.5.1.4.1.1.481.3,1,65.22 KB,.\CPTAC-PDA\C3N-00302\10-19-1999-NA-AbdomenKLPJBM Adult-54966\5.000000-Pre-Dose PANCREAS - 1-857.4,2026-10-07T00:20:29.439
1.2.826.0.1.534147.667.2747872357.202342381849867.4,CPTAC-PDA,yes,https://doi.org/10.7937/BW9VBX61,C3N-00302,1.3.6.1.4.1.14519.5.2.1.3320.3273.253612125559406659861387502732,STANDARD Abdomen,10-19-1999,Pre-Dose PANCREAS - 1,Open Health Imaging Foundation,RTSTRUCT,RT Structure Set Storage,1.2.840.10008.5.1.4.1.1.481.3,1,18.24 KB,.\CPTAC-PDA\C3N-00302\10-19-1999-NA-STANDARD Abdomen-02732\15.000000-Pre-Dose PANCREAS - 1-867.4,2026-10-07T00:20:30.59
1.2.826.0.1.534147.667.2747872357.20234238141120.4,CPTAC-PDA,yes,https://doi.org/10.7937/BW9VBX61,C3N-00302,1.3.6.1.4.1.14519.5.2.1.3320.3273.253612125559406659861387502732,STANDARD Abdomen,10-19-1999,Pre-Dose PANCREAS - 1 - SEED POINT,Open Health Imaging Foundation,RTSTRUCT,RT Structure Set Storage,1.2.840.10008.5.1.4.1.1.481.3,1,3.83 KB,.\CPTAC-PDA\C3N-00302\10-19-1999-NA-STANDARD Abdomen-02732\15.000000-Pre-Dose PANCREAS - 1 - SEED POINT-120.4,2026-10-07T00:20:31.207
1.2.826.0.1.534147.667.2747872357.202342381859224.4,CPTAC-PDA,yes,https://doi.org/10.7937/BW9VBX61,C3N-00302,1.3.6.1.4.1.14519.5.2.1.3320.3273.253612125559406659861387502732,STANDARD Abdomen,10-19-1999,Pre-Dose PANCREAS - 1 - SEED POINT,Open Health Imaging Foundation,RTSTRUCT,RT Structure Set Storage,1.2.840.10008.5.1.4.1.1.481.3,1,3.84 KB,.\CPTAC-PDA\C3N-00302\10-19-1999-NA-STANDARD Abdomen-02732\15.000000-Pre-Dose PANCREAS - 1 - SEED POINT-224.4,2026-10-07T00:20:31.922
1.2.826.0.1.534147.756.812677238.202322845916602.4,CPTAC-PDA,yes,https://doi.org/10.7937/BW9VBX61,C3N-00302,1.3.6.1.4.1.14519.5.2.1.3320.3273.253612125559406659861387502732,STANDARD Abdomen,10-19-1999,Pre-Dose PANCREAS - 1,Open Health Imaging Foundation,RTSTRUCT,RT Structure Set Storage,1.2.840.10008.5.1.4.1.1.481.3,1,20.18 KB,.\CPTAC-PDA\C3N-00302\10-19-1999-NA-STANDARD Abdomen-02732\21.000000-Pre-Dose PANCREAS - 1-602.4,2026-10-07T00:20:32.671
1.2.826.0.1.534147.756.812677238.202322845931433.4,CPTAC-PDA,yes,https://doi.org/10.7937/BW9VBX61,C3N-00302,1.3.6.1.4.1.14519.5.2.1.3320.3273.253612125559406659861387502732,STANDARD Abdomen,10-19-1999,Pre-Dose PANCREAS - 1 - SEED POINT,Open Health Imaging Foundation,RTSTRUCT,RT Structure Set Storage,1.2.840.10008.5.1.4.1.1.481.3,1,3.83 KB,.\CPTAC-PDA\C3N-00302\10-19-1999-NA-STANDARD Abdomen-02732\21.000000-Pre-Dose PANCREAS - 1 - SEED POINT-433.4,2026-10-07T00:20:32.767
1.2.826.0.1.534147.667.2747872357.20234225640373.4,CPTAC-PDA,yes,https://doi.org/10.7937/BW9VBX61,C3N-00303,1.3.6.1.4.1.14519.5.2.1.3320.3273.104195637171680242918289513479,TK j.brzusznejmied malej BK i min 2 fazy ZK,10-23-1999,Pre-Dose PANCREAS - 1 - SEED POINT,Open Health Imaging Foundation,RTSTRUCT,RT Structure Set Storage,1.2.840.10008.5.1.4.1.1.481.3,1,3.86 KB,.\CPTAC-PDA\C3N-00303\10-23-1999-NA-TK j.brzusznejmied malej BK i min 2 fazy ZK-13479\3.000000-Pre-Dose PANCREAS - 1 - SEED POINT-373.4,2026-10-07T00:20:33.437
1.2.826.0.1.534147.667.2747872357.202342264117701.4,CPTAC-PDA,yes,https://doi.org/10.7937/BW9VBX61,C3N-00511,1.3.6.1.4.1.14519.5.2.1.3320.3273.151479431995256588843692891595,CT jamy brzusznej z kontrastem,02-25-2000,Pre-Dose PANCREAS - 1 - SEED POINT,Open Health Imaging Foundation,RTSTRUCT,RT Structure Set Storage,1.2.840.10008.5.1.4.1.1.481.3,1,3.84 KB,.\CPTAC-PDA\C3N-00511\02-25-2000-NA-CT jamy brzusznej z kontrastem-91595\4.000000-Pre-Dose PANCREAS - 1 - SEED POINT-701.4,2026-10-07T00:20:34.441
1.2.826.0.1.534147.667.2747872357.2023422571916.4,CPTAC-PDA,yes,https://doi.org/10.7937/BW9VBX61,C3N-00303,1.3.6.1.4.1.14519.5.2.1.3320.3273.104195637171680242918289513479,TK j.brzusznejmied malej BK i min 2 fazy ZK,10-23-1999,Pre-Dose PANCREAS - 1,Open Health Imaging Foundation,RTSTRUCT,RT Structure Set Storage,1.2.840.10008.5.1.4.1.1.481.3,1,30.09 KB,.\CPTAC-PDA\C3N-00303\10-23-1999-NA-TK j.brzusznejmied malej BK i min 2 fazy ZK-13479\3.000000-Pre-Dose PANCREAS - 1-916.4,2026-10-07T00:20:35.133
1.2.826.0.1.534147.667.2747872357.202342264939582.4,CPTAC-PDA,yes,https://doi.org/10.7937/BW9VBX61,C3N-00511,1.3.6.1.4.1.14519.5.2.1.3320.3273.151479431995256588843692891595,CT jamy brzusznej z kontrastem,02-25-2000,Pre-Dose PANCREAS - 1 - SEED POINT,Open Health Imaging Foundation,RTSTRUCT,RT Structure Set Storage,1.2.840.10008.5.1.4.1.1.481.3,1,3.84 KB,.\CPTAC-PDA\C3N-00511\02-25-2000-NA-CT jamy brzusznej z kontrastem-91595\3.000000-Pre-Dose PANCREAS - 1 - SEED POINT-582.4,2026-10-07T00:20:37.446
1.2.826.0.1.534147.667.2747872357.20234226413930.4,CPTAC-PDA,yes,https://doi.org/10.7937/BW9VBX61,C3N-00511,1.3.6.1.4.1.14519.5.2.1.3320.3273.151479431995256588843692891595,CT jamy brzusznej z kontrastem,02-25-2000,Pre-Dose PANCREAS - 1,Open Health Imaging Foundation,RTSTRUCT,RT Structure Set Storage,1.2.840.10008.5.1.4.1.1.481.3,1,47.02 KB,.\CPTAC-PDA\C3N-00511\02-25-2000-NA-CT jamy brzusznej z kontrastem-91595\4.000000-Pre-Dose PANCREAS - 1-930.4,2026-10-07T00:20:38.99
1.2.826.0.1.534147.667.2747872357.202342264926370.4,CPTAC-PDA,yes,https://doi.org/10.7937/BW9VBX61,C3N-00511,1.3.6.1.4.1.14519.5.2.1.3320.3273.151479431995256588843692891595,CT jamy brzusznej z kontrastem,02-25-2000,Pre-Dose PANCREAS - 1,Open Health Imaging Foundation,RTSTRUCT,RT Structure Set Storage,1.2.840.10008.5.1.4.1.1.481.3,1,118.79 KB,.\CPTAC-PDA\C3N-00511\02-25-2000-NA-CT jamy brzusznej z kontrastem-91595\3.000000-Pre-Dose PANCREAS - 1-370.4,2026-10-07T00:20:39.395
1.2.826.0.1.534147.667.2747872357.202342265723847.4,CPTAC-PDA,yes,https://doi.org/10.7937/BW9VBX61,C3N-00511,1.3.6.1.4.1.14519.5.2.1.3320.3273.151479431995256588843692891595,CT jamy brzusznej z kontrastem,02-25-2000,Pre-Dose PANCREAS - 1,Open Health Imaging Foundation,RTSTRUCT,RT Structure Set Storage,1.2.840.10008.5.1.4.1.1.481.3,1,48.46 KB,.\CPTAC-PDA\C3N-00511\02-25-2000-NA-CT jamy brzusznej z kontrastem-91595\5.000000-Pre-Dose PANCREAS - 1-847.4,2026-10-07T00:20:39.648
1.2.826.0.1.534147.667.2747872357.202342265735217.4,CPTAC-PDA,yes,https://doi.org/10.7937/BW9VBX61,C3N-00511,1.3.6.1.4.1.14519.5.2.1.3320.3273.151479431995256588843692891595,CT jamy brzusznej z kontrastem,02-25-2000,Pre-Dose PANCREAS - 1 - SEED POINT,Open Health Imaging Foundation,RTSTRUCT,RT Structure Set Storage,1.2.840.10008.5.1.4.1.1.481.3,1,3.85 KB,.\CPTAC-PDA\C3N-00511\02-25-2000-NA-CT jamy brzusznej z kontrastem-91595\5.000000-Pre-Dose PANCREAS - 1 - SEED POINT-217.4,2026-10-07T00:20:40.424
1.2.826.0.1.534147.667.2747872357.202342725151824.4,CPTAC-PDA,yes,https://doi.org/10.7937/BW9VBX61,C3N-00512,1.3.6.1.4.1.14519.5.2.1.3320.3273.880111599482912507984013021489,TOMOGRAFIA JAMY BRZUSZNEJ Z KONTRASTEM,01-12-2000,Pre-Dose PANCREAS - 1 - SEED POINT,Open Health Imaging Foundation,RTSTRUCT,RT Structure Set Storage,1.2.840.10008.5.1.4.1.1.481.3,1,3.85 KB,.\CPTAC-PDA\C3N-00512\01-12-2000-NA-TOMOGRAFIA JAMY BRZUSZNEJ Z KONTRASTEM-21489\5.000000-Pre-Dose PANCREAS - 1 - SEED POINT-824.4,2026-10-07T00:20:41.48
1.2.826.0.1.534147.667.2747872357.202342725136456.4,CPTAC-PDA,yes,https://doi.org/10.7937/BW9VBX61,C3N-00512,1.3.6.1.4.1.14519.5.2.1.3320.3273.880111599482912507984013021489,TOMOGRAFIA JAMY BRZUSZNEJ Z KONTRASTEM,01-12-2000,Pre-Dose PANCREAS - 1,Open Health Imaging Foundation,RTSTRUCT,RT Structure Set Storage,1.2.840.10008.5.1.4.1.1.481.3,1,41.09 KB,.\CPTAC-PDA\C3N-00512\01-12-2000-NA-TOMOGRAFIA JAMY BRZUSZNEJ Z KONTRASTEM-21489\5.000000-Pre-Dose PANCREAS - 1-456.4,2026-10-07T00:20:41.908
1.2.826.0.1.534147.667.2747872357.202342725225953.4,CPTAC-PDA,yes,https://doi.org/10.7937/BW9VBX61,C3N-00512,1.3.6.1.4.1.14519.5.2.1.3320.3273.880111599482912507984013021489,TOMOGRAFIA JAMY BRZUSZNEJ Z KONTRASTEM,01-12-2000,Pre-Dose RETROPERITONEAL LYMPH NODE - 1 - SEED POINT,Open Health Imaging Foundation,RTSTRUCT,RT Structure Set Storage,1.2.840.10008.5.1.4.1.1.481.3,1,3.92 KB,.\CPTAC-PDA\C3N-00512\01-12-2000-NA-TOMOGRAFIA JAMY BRZUSZNEJ Z KONTRASTEM-21489\5.000000-Pre-Dose RETROPERITONEAL LYMPH NODE - 1 - SEED POINT-953.4,2026-10-07T00:20:41.959
1.2.826.0.1.534147.667.2747872357.202342725253798.4,CPTAC-PDA,yes,https://doi.org/10.7937/BW9VBX61,C3N-00512,1.3.6.1.4.1.14519.5.2.1.3320.3273.880111599482912507984013021489,TOMOGRAFIA JAMY BRZUSZNEJ Z KONTRASTEM,01-12-2000,Pre-Dose RETROPERITONEAL LYMPH NODE - 2 - SEED POINT,Open Health Imaging Foundation,RTSTRUCT,RT Structure Set Storage,1.2.840.10008.5.1.4.1.1.481.3,1,3.92 KB,.\CPTAC-PDA\C3N-00512\01-12-2000-NA-TOMOGRAFIA JAMY BRZUSZNEJ Z KONTRASTEM-21489\5.000000-Pre-Dose RETROPERITONEAL LYMPH NODE - 2 - SEED POINT-798.4,2026-10-07T00:20:43.197
1.2.826.0.1.534147.667.2747872357.202342725239975.4,CPTAC-PDA,yes,https://doi.org/10.7937/BW9VBX61,C3N-00512,1.3.6.1.4.1.14519.5.2.1.3320.3273.880111599482912507984013021489,TOMOGRAFIA JAMY BRZUSZNEJ Z KONTRASTEM,01-12-2000,Pre-Dose RETROPERITONEAL LYMPH NODE - 2,Open Health Imaging Foundation,RTSTRUCT,RT Structure Set Storage,1.2.840.10008.5.1.4.1.1.481.3,1,48.02 KB,.\CPTAC-PDA\C3N-00512\01-12-2000-NA-TOMOGRAFIA JAMY BRZUSZNEJ Z KONTRASTEM-21489\5.000000-Pre-Dose RETROPERITONEAL LYMPH NODE - 2-975.4,2026-10-07T00:20:43.337
1.2.826.0.1.534147.667.2747872357.20234272527401.4,CPTAC-PDA,yes,https://doi.org/10.7937/BW9VBX61,C3N-00512,1.3.6.1.4.1.14519.5.2.1.3320.3273.880111599482912507984013021489,TOMOGRAFIA JAMY BRZUSZNEJ Z KONTRASTEM,01-12-2000,Pre-Dose RETROPERITONEAL LYMPH NODE - 1,Open Health Imaging Foundation,RTSTRUCT,RT Structure Set Storage,1.2.840.10008.5.1.4.1.1.481.3,1,20.83 KB,.\CPTAC-PDA\C3N-00512\01-12-2000-NA-TOMOGRAFIA JAMY BRZUSZNEJ Z KONTRASTEM-21489\5.000000-Pre-Dose RETROPERITONEAL LYMPH NODE - 1-401.4,2026-10-07T00:20:43.494
1.2.826.0.1.534147.667.2747872357.202342725443128.4,CPTAC-PDA,yes,https://doi.org/10.7937/BW9VBX61,C3N-00512,1.3.6.1.4.1.14519.5.2.1.3320.3273.880111599482912507984013021489,TOMOGRAFIA JAMY BRZUSZNEJ Z KONTRASTEM,01-12-2000,Pre-Dose RETROPERITONEAL LYMPH NODE - 1,Open Health Imaging Foundation,RTSTRUCT,RT Structure Set Storage,1.2.840.10008.5.1.4.1.1.481.3,1,21.61 KB,.\CPTAC-PDA\C3N-00512\01-12-2000-NA-TOMOGRAFIA JAMY BRZUSZNEJ Z KONTRASTEM-21489\6.000000-Pre-Dose RETROPERITONEAL LYMPH NODE - 1-128.4,2026-10-07T00:20:45.028
1.2.826.0.1.534147.667.2747872357.202342725522241.4,CPTAC-PDA,yes,https://doi.org/10.7937/BW9VBX61,C3N-00512,1.3.6.1.4.1.14519.5.2.1.3320.3273.880111599482912507984013021489,TOMOGRAFIA JAMY BRZUSZNEJ Z KONTRASTEM,01-12-2000,Pre-Dose RETROPERITONEAL LYMPH NODE - 2,Open Health Imaging Foundation,RTSTRUCT,RT Structure Set Storage,1.2.840.10008.5.1.4.1.1.481.3,1,41.95 KB,.\CPTAC-PDA\C3N-00512\01-12-2000-NA-TOMOGRAFIA JAMY BRZUSZNEJ Z KONTRASTEM-21489\6.000000-Pre-Dose RETROPERITONEAL LYMPH NODE - 2-241.4,2026-10-07T00:20:45.742
1.2.826.0.1.534147.667.2747872357.202342725413939.4,CPTAC-PDA,yes,https://doi.org/10.7937/BW9VBX61,C3N-00512,1.3.6.1.4.1.14519.5.2.1.3320.3273.880111599482912507984013021489,TOMOGRAFIA JAMY BRZUSZNEJ Z KONTRASTEM,01-12-2000,Pre-Dose PANCREAS - 1,Open Health Imaging Foundation,RTSTRUCT,RT Structure Set Storage,1.2.840.10008.5.1.4.1.1.481.3,1,19.68 KB,.\CPTAC-PDA\C3N-00512\01-12-2000-NA-TOMOGRAFIA JAMY BRZUSZNEJ Z KONTRASTEM-21489\6.000000-Pre-Dose PANCREAS - 1-939.4,2026-10-07T00:20:45.744
1.2.826.0.1.534147.667.2747872357.202342725533170.4,CPTAC-PDA,yes,https://doi.org/10.7937/BW9VBX61,C3N-00512,1.3.6.1.4.1.14519.5.2.1.3320.3273.880111599482912507984013021489,TOMOGRAFIA JAMY BRZUSZNEJ Z KONTRASTEM,01-12-2000,Pre-Dose RETROPERITONEAL LYMPH NODE - 2 - SEED POINT,Open Health Imaging Foundation,RTSTRUCT,RT Structure Set Storage,1.2.840.10008.5.1.4.1.1.481.3,1,3.92 KB,.\CPTAC-PDA\C3N-00512\01-12-2000-NA-TOMOGRAFIA JAMY BRZUSZNEJ Z KONTRASTEM-21489\6.000000-Pre-Dose RETROPERITONEAL LYMPH NODE - 2 - SEED POINT-170.4,2026-10-07T00:20:46.626
1.2.826.0.1.534147.667.2747872357.2023427317558.4,CPTAC-PDA,yes,https://doi.org/10.7937/BW9VBX61,C3N-00512,1.3.6.1.4.1.14519.5.2.1.3320.3273.880111599482912507984013021489,TOMOGRAFIA JAMY BRZUSZNEJ Z KONTRASTEM,01-12-2000,Pre-Dose PANCREAS - 1 - SEED POINT,Open Health Imaging Foundation,RTSTRUCT,RT Structure Set Storage,1.2.840.10008.5.1.4.1.1.481.3,1,3.84 KB,.\CPTAC-PDA\C3N-00512\01-12-2000-NA-TOMOGRAFIA JAMY BRZUSZNEJ Z KONTRASTEM-21489\6.000000-Pre-Dose PANCREAS - 1 - SEED POINT-558.4,2026-10-07T00:20:46.985
1.2.826.0.1.534147.667.2747872357.20234272554722.4,CPTAC-PDA,yes,https://doi.org/10.7937/BW9VBX61,C3N-00512,1.3.6.1.4.1.14519.5.2.1.3320.3273.880111599482912507984013021489,TOMOGRAFIA JAMY BRZUSZNEJ Z KONTRASTEM,01-12-2000,Pre-Dose RETROPERITONEAL LYMPH NODE - 1 - SEED POINT,Open Health Imaging Foundation,RTSTRUCT,RT Structure Set Storage,1.2.840.10008.5.1.4.1.1.481.3,1,3.92 KB,.\CPTAC-PDA\C3N-00512\01-12-2000-NA-TOMOGRAFIA JAMY BRZUSZNEJ Z KONTRASTEM-21489\6.000000-Pre-Dose RETROPERITONEAL LYMPH NODE - 1 - SEED POINT-722.4,2026-10-07T00:20:47.078
1.2.826.0.1.534147.667.2747872357.2023423113829472.4,CPTAC-PDA,yes,https://doi.org/10.7937/BW9VBX61,C3N-00513,1.3.6.1.4.1.14519.5.2.1.3320.3273.326475895352529292866632899138,BRZUCHC,02-19-2000,Pre-Dose PANCREAS - 1 - SEED POINT,Open Health Imaging Foundation,RTSTRUCT,RT Structure Set Storage,1.2.840.10008.5.1.4.1.1.481.3,1,3.81 KB,.\CPTAC-PDA\C3N-00513\02-19-2000-NA-BRZUCHC-99138\5.000000-Pre-Dose PANCREAS - 1 - SEED POINT-472.4,2026-10-07T00:20:48.41
1.2.826.0.1.534147.756.812677238.20232286442746.4,CPTAC-PDA,yes,https://doi.org/10.7937/BW9VBX61,C3N-00513,1.3.6.1.4.1.14519.5.2.1.3320.3273.326475895352529292866632899138,BRZUCHC,02-19-2000,Pre-Dose RETROPERITONEAL LYMPH NODE - 1 - SEED POINT,Open Health Imaging Foundation,RTSTRUCT,RT Structure Set Storage,1.2.840.10008.5.1.4.1.1.481.3,1,3.89 KB,.\CPTAC-PDA\C3N-00513\02-19-2000-NA-BRZUCHC-99138\6.000000-Pre-Dose RETROPERITONEAL LYMPH NODE - 1 - SEED POINT-746.4,2026-10-07T00:20:48.414
1.2.826.0.1.534147.667.2747872357.2023423113822645.4,CPTAC-PDA,yes,https://doi.org/10.7937/BW9VBX61,C3N-00513,1.3.6.1.4.1.14519.5.2.1.3320.3273.326475895352529292866632899138,BRZUCHC,02-19-2000,Pre-Dose PANCREAS - 1,Open Health Imaging Foundation,RTSTRUCT,RT Structure Set Storage,1.2.840.10008.5.1.4.1.1.481.3,1,63.46 KB,.\CPTAC-PDA\C3N-00513\02-19-2000-NA-BRZUCHC-99138\5.000000-Pre-Dose PANCREAS - 1-645.4,2026-10-07T00:20:48.716
1.2.826.0.1.534147.756.812677238.202322864449211.4,CPTAC-PDA,yes,https://doi.org/10.7937/BW9VBX61,C3N-00513,1.3.6.1.4.1.14519.5.2.1.3320.3273.326475895352529292866632899138,BRZUCHC,02-19-2000,Pre-Dose RETROPERITONEAL LYMPH NODE - 1,Open Health Imaging Foundation,RTSTRUCT,RT Structure Set Storage,1.2.840.10008.5.1.4.1.1.481.3,1,14.99 KB,.\CPTAC-PDA\C3N-00513\02-19-2000-NA-BRZUCHC-99138\6.000000-Pre-Dose RETROPERITONEAL LYMPH NODE - 1-211.4,2026-10-07T00:20:50.35
1.2.826.0.1.534147.667.2747872357.202342285839719.4,CPTAC-PDA,yes,https://doi.org/10.7937/BW9VBX61,C3N-00514,1.3.6.1.4.1.14519.5.2.1.3320.3273.109496625597940499663404954799,MR - JB I PRZ. Z,03-08-2000,Pre-Dose PANCREAS - 1 - SEED POINT,Open Health Imaging Foundation,RTSTRUCT,RT Structure Set Storage,1.2.840.10008.5.1.4.1.1.481.3,1,3.87 KB,.\CPTAC-PDA\C3N-00514\03-08-2000-NA-MR - JB I PRZ. Z-54799\901.000000-Pre-Dose PANCREAS - 1 - SEED POINT-719.4,2026-10-07T00:20:50.353
1.2.826.0.1.534147.667.2747872357.202342285825826.4,CPTAC-PDA,yes,https://doi.org/10.7937/BW9VBX61,C3N-00514,1.3.6.1.4.1.14519.5.2.1.3320.3273.109496625597940499663404954799,MR - JB I PRZ. Z,03-08-2000,Pre-Dose PANCREAS - 1,Open Health Imaging Foundation,RTSTRUCT,RT Structure Set Storage,1.2.840.10008.5.1.4.1.1.481.3,1,88.36 KB,.\CPTAC-PDA\C3N-00514\03-08-2000-NA-MR - JB I PRZ. Z-54799\901.000000-Pre-Dose PANCREAS - 1-826.4,2026-10-07T00:20:50.357
1.2.826.0.1.534147.667.2747872357.202342285937672.4,CPTAC-PDA,yes,https://doi.org/10.7937/BW9VBX61,C3N-00514,1.3.6.1.4.1.14519.5.2.1.3320.3273.109496625597940499663404954799,MR - JB I PRZ. Z,03-08-2000,Pre-Dose PANCREAS - 1 - SEED POINT,Open Health Imaging Foundation,RTSTRUCT,RT Structure Set Storage,1.2.840.10008.5.1.4.1.1.481.3,1,3.87 KB,.\CPTAC-PDA\C3N-00514\03-08-2000-NA-MR - JB I PRZ. Z-54799\900.000000-Pre-Dose PANCREAS - 1 - SEED POINT-672.4,2026-10-07T00:20:51.684
1.2.826.0.1.534147.667.2747872357.20234228592765.4,CPTAC-PDA,yes,https://doi.org/10.7937/BW9VBX61,C3N-00514,1.3.6.1.4.1.14519.5.2.1.3320.3273.109496625597940499663404954799,MR - JB I PRZ. Z,03-08-2000,Pre-Dose PANCREAS - 1,Open Health Imaging Foundation,RTSTRUCT,RT Structure Set Storage,1.2.840.10008.5.1.4.1.1.481.3,1,74.65 KB,.\CPTAC-PDA\C3N-00514\03-08-2000-NA-MR - JB I PRZ. Z-54799\900.000000-Pre-Dose PANCREAS - 1-765.4,2026-10-07T00:20:52.595
1.2.826.0.1.534147.667.2747872357.20234229537475.4,CPTAC-PDA,yes,https://doi.org/10.7937/BW9VBX61,C3N-00514,1.3.6.1.4.1.14519.5.2.1.3320.3273.109496625597940499663404954799,MR - JB I PRZ. Z,03-08-2000,Pre-Dose PANCREAS - 1 - SEED POINT,Open Health Imaging Foundation,RTSTRUCT,RT Structure Set Storage,1.2.840.10008.5.1.4.1.1.481.3,1,3.86 KB,.\CPTAC-PDA\C3N-00514\03-08-2000-NA-MR - JB I PRZ. Z-54799\903.000000-Pre-Dose PANCREAS - 1 - SEED POINT-475.4,2026-10-07T00:20:53.529
1.2.826.0.1.534147.756.812677238.202322861956974.4,CPTAC-PDA,yes,https://doi.org/10.7937/BW9VBX61,C3N-00514,1.3.6.1.4.1.14519.5.2.1.3320.3273.109496625597940499663404954799,MR - JB I PRZ. Z,03-08-2000,Pre-Dose PANCREAS - 1,Open Health Imaging Foundation,RTSTRUCT,RT Structure Set Storage,1.2.840.10008.5.1.4.1.1.481.3,1,60.64 KB,.\CPTAC-PDA\C3N-00514\03-08-2000-NA-MR - JB I PRZ. Z-54799\902.000000-Pre-Dose PANCREAS - 1-974.4,2026-10-07T00:20:54.516
1.2.826.0.1.534147.667.2747872357.20234229525620.4,CPTAC-PDA,yes,https://doi.org/10.7937/BW9VBX61,C3N-00514,1.3.6.1.4.1.14519.5.2.1.3320.3273.109496625597940499663404954799,MR - JB I PRZ. Z,03-08-2000,Pre-Dose PANCREAS - 1,Open Health Imaging Foundation,RTSTRUCT,RT Structure Set Storage,1.2.840.10008.5.1.4.1.1.481.3,1,102.44 KB,.\CPTAC-PDA\C3N-00514\03-08-2000-NA-MR - JB I PRZ. Z-54799\903.000000-Pre-Dose PANCREAS - 1-620.4,2026-10-07T00:20:54.757
1.2.826.0.1.534147.756.812677238.202322862011938.4,CPTAC-PDA,yes,https://doi.org/10.7937/BW9VBX61,C3N-00514,1.3.6.1.4.1.14519.5.2.1.3320.3273.109496625597940499663404954799,MR - JB I PRZ. Z,03-08-2000,Pre-Dose PANCREAS - 1 - SEED POINT,Open Health Imaging Foundation,RTSTRUCT,RT Structure Set Storage,1.2.840.10008.5.1.4.1.1.481.3,1,3.86 KB,.\CPTAC-PDA\C3N-00514\03-08-2000-NA-MR - JB I PRZ. Z-54799\902.000000-Pre-Dose PANCREAS - 1 - SEED POINT-938.4,2026-10-07T00:20:55.105
1.2.826.0.1.534147.667.2747872357.2023423114228771.4,CPTAC-PDA,yes,https://doi.org/10.7937/BW9VBX61,C3N-00518,1.3.6.1.4.1.14519.5.2.1.3320.3273.152280616270940957074825755505,AbdomenJAMABRZUSZNAWIELOFAZ Adult,02-23-2000,Pre-Dose PANCREAS - 1 - SEED POINT,Open Health Imaging Foundation,RTSTRUCT,RT Structure Set Storage,1.2.840.10008.5.1.4.1.1.481.3,1,3.86 KB,.\CPTAC-PDA\C3N-00518\02-23-2000-NA-AbdomenJAMABRZUSZNAWIELOFAZ Adult-55505\9.000000-Pre-Dose PANCREAS - 1 - SEED POINT-771.4,2026-10-07T00:20:56.403
1.2.826.0.1.534147.667.2747872357.2023423114217673.4,CPTAC-PDA,yes,https://doi.org/10.7937/BW9VBX61,C3N-00518,1.3.6.1.4.1.14519.5.2.1.3320.3273.152280616270940957074825755505,AbdomenJAMABRZUSZNAWIELOFAZ Adult,02-23-2000,Pre-Dose PANCREAS - 1,Open Health Imaging Foundation,RTSTRUCT,RT Structure Set Storage,1.2.840.10008.5.1.4.1.1.481.3,1,53.46 KB,.\CPTAC-PDA\C3N-00518\02-23-2000-NA-AbdomenJAMABRZUSZNAWIELOFAZ Adult-55505\9.000000-Pre-Dose PANCREAS - 1-673.4,2026-10-07T00:20:56.81
1.2.826.0.1.534147.667.2747872357.2023423114747110.4,CPTAC-PDA,yes,https://doi.org/10.7937/BW9VBX61,C3N-00957,1.3.6.1.4.1.14519.5.2.1.7085.2626.113027799164355058797475777770,PET CT WHOLE BODY NON REGISTRY INITIAL STAGING,03-13-2010,Post-Chemotherapy 1 PANCREAS - 1,Open Health Imaging Foundation,RTSTRUCT,RT Structure Set Storage,1.2.840.10008.5.1.4.1.1.481.3,1,25.18 KB,.\CPTAC-PDA\C3N-00957\03-13-2010-NA-PET CT WHOLE BODY NON REGISTRY INITIAL STAGING-77770\3.000000-Post-Chemotherapy 1 PANCREAS - 1-110.4,2026-10-07T00:20:57.085
1.2.826.0.1.534147.667.2747872357.2023423114754816.4,CPTAC-PDA,yes,https://doi.org/10.7937/BW9VBX61,C3N-00957,1.3.6.1.4.1.14519.5.2.1.7085.2626.113027799164355058797475777770,PET CT WHOLE BODY NON REGISTRY INITIAL STAGING,03-13-2010,Post-Chemotherapy 1 PANCREAS - 1 - SEED POINT,Open Health Imaging Foundation,RTSTRUCT,RT Structure Set Storage,1.2.840.10008.5.1.4.1.1.481.3,1,3.90 KB,.\CPTAC-PDA\C3N-00957\03-13-2010-NA-PET CT WHOLE BODY NON REGISTRY INITIAL STAGING-77770\3.000000-Post-Chemotherapy 1 PANCREAS - 1 - SEED POINT-816.4,2026-10-07T00:20:57.977
1.2.826.0.1.534147.667.2747872357.202342311473415.4,CPTAC-PDA,yes,https://doi.org/10.7937/BW9VBX61,C3N-00957,1.3.6.1.4.1.14519.5.2.1.7085.2626.288556932699345417840865580178,CT ABDOMENPELVIS W IV CONTRAST,03-05-2010,Pre-Dose PANCREAS - 1 - SEED POINT,Open Health Imaging Foundation,RTSTRUCT,RT Structure Set Storage,1.2.840.10008.5.1.4.1.1.481.3,1,3.86 KB,.\CPTAC-PDA\C3N-00957\03-05-2010-NA-CT ABDOMENPELVIS W IV CONTRAST-80178\8.000000-Pre-Dose PANCREAS - 1 - SEED POINT-415.4,2026-10-07T00:20:58.458
1.2.826.0.1.534147.667.2747872357.2023423114723138.4,CPTAC-PDA,yes,https://doi.org/10.7937/BW9VBX61,C3N-00957,1.3.6.1.4.1.14519.5.2.1.7085.2626.288556932699345417840865580178,CT ABDOMENPELVIS W IV CONTRAST,03-05-2010,Pre-Dose PANCREAS - 1,Open Health Imaging Foundation,RTSTRUCT,RT Structure Set Storage,1.2.840.10008.5.1.4.1.1.481.3,1,92.94 KB,.\CPTAC-PDA\C3N-00957\03-05-2010-NA-CT ABDOMENPELVIS W IV CONTRAST-80178\8.000000-Pre-Dose PANCREAS - 1-138.4,2026-10-07T00:20:59.146
1.2.826.0.1.534147.667.2747872357.20234298215970.4,CPTAC-PDA,yes,https://doi.org/10.7937/BW9VBX61,C3N-00957,1.3.6.1.4.1.14519.5.2.1.7085.2626.288556932699345417840865580178,CT ABDOMENPELVIS W IV CONTRAST,03-05-2010,Pre-Dose PANCREAS - 1 - SEED POINT,Open Health Imaging Foundation,RTSTRUCT,RT Structure Set Storage,1.2.840.10008.5.1.4.1.1.481.3,1,3.85 KB,.\CPTAC-PDA\C3N-00957\03-05-2010-NA-CT ABDOMENPELVIS W IV CONTRAST-80178\4.000000-Pre-Dose PANCREAS - 1 - SEED POINT-970.4,2026-10-07T00:20:59.923
1.2.826.0.1.534147.667.2747872357.202342311594997.4,CPTAC-PDA,yes,https://doi.org/10.7937/BW9VBX61,C3N-01012,1.3.6.1.4.1.14519.5.2.1.7085.2626.247955591179026174174582706962,NA,07-02-2011,Pre-Dose PERIPANCREATIC LYMPH NODE - 1,Open Health Imaging Foundation,RTSTRUCT,RT Structure Set Storage,1.2.840.10008.5.1.4.1.1.481.3,1,47.64 KB,.\CPTAC-PDA\C3N-01012\07-02-2011-NA-NA-06962\2.000000-Pre-Dose PERIPANCREATIC LYMPH NODE - 1-997.4,2026-10-07T00:21:01.941
1.2.826.0.1.534147.667.2747872357.2023423115914930.4,CPTAC-PDA,yes,https://doi.org/10.7937/BW9VBX61,C3N-01012,1.3.6.1.4.1.14519.5.2.1.7085.2626.247955591179026174174582706962,NA,07-02-2011,Pre-Dose PERIPANCREATIC LYMPH NODE - 1 - SEED POINT,Open Health Imaging Foundation,RTSTRUCT,RT Structure Set Storage,1.2.840.10008.5.1.4.1.1.481.3,1,3.90 KB,.\CPTAC-PDA\C3N-01012\07-02-2011-NA-NA-06962\2.000000-Pre-Dose PERIPANCREATIC LYMPH NODE - 1 - SEED POINT-930.4,2026-10-07T00:21:02.024
1.2.826.0.1.534147.667.2747872357.202342311516536.4,CPTAC-PDA,yes,https://doi.org/10.7937/BW9VBX61,C3N-01165,1.3.6.1.4.1.14519.5.2.1.3320.3273.171904689848389372373212057884,AbdomenJBRZUSZNA3FAZY Adult,04-27-2000,Pre-Dose PANCREAS - 1 - SEED POINT,Open Health Imaging Foundation,RTSTRUCT,RT Structure Set Storage,1.2.840.10008.5.1.4.1.1.481.3,1,3.87 KB,.\CPTAC-PDA\C3N-01165\04-27-2000-NA-AbdomenJBRZUSZNA3FAZY Adult-57884\4.000000-Pre-Dose PANCREAS - 1 - SEED POINT-536.4,2026-10-07T00:21:03.718
1.2.826.0.1.534147.667.2747872357.2023429821032.4,CPTAC-PDA,yes,https://doi.org/10.7937/BW9VBX61,C3N-00957,1.3.6.1.4.1.14519.5.2.1.7085.2626.288556932699345417840865580178,CT ABDOMENPELVIS W IV CONTRAST,03-05-2010,Pre-Dose PANCREAS - 1,Open Health Imaging Foundation,RTSTRUCT,RT Structure Set Storage,1.2.840.10008.5.1.4.1.1.481.3,1,146.47 KB,.\CPTAC-PDA\C3N-00957\03-05-2010-NA-CT ABDOMENPELVIS W IV CONTRAST-80178\4.000000-Pre-Dose PANCREAS - 1-032.4,2026-10-07T00:21:04.231
1.2.826.0.1.534147.667.2747872357.202342311511338,CPTAC-PDA,yes,https://doi.org/10.7937/BW9VBX61,C3N-01165,1.3.6.1.4.1.14519.5.2.1.3320.3273.171904689848389372373212057884,AbdomenJBRZUSZNA3FAZY Adult,04-27-2000,Pre-Dose PANCREAS - 1,Open Health Imaging Foundation,RTSTRUCT,RT Structure Set Storage,1.2.840.10008.5.1.4.1.1.481.3,1,15.11 KB,.\CPTAC-PDA\C3N-01165\04-27-2000-NA-AbdomenJBRZUSZNA3FAZY Adult-57884\4.000000-Pre-Dose PANCREAS - 1-11338,2026-10-07T00:21:04.56
1.2.826.0.1.534147.756.812677238.202322873737390,CPTAC-PDA,yes,https://doi.org/10.7937/BW9VBX61,C3N-01165,1.3.6.1.4.1.14519.5.2.1.3320.3273.171904689848389372373212057884,AbdomenJBRZUSZNA3FAZY Adult,04-27-2000,Pre-Dose PANCREAS - 1 - SEED POINT,Open Health Imaging Foundation,RTSTRUCT,RT Structure Set Storage,1.2.840.10008.5.1.4.1.1.481.3,1,3.87 KB,.\CPTAC-PDA\C3N-01165\04-27-2000-NA-AbdomenJBRZUSZNA3FAZY Adult-57884\7.000000-Pre-Dose PANCREAS - 1 - SEED POINT-37390,2026-10-07T00:21:05.516
1.2.826.0.1.534147.756.812677238.202322873746339.4,CPTAC-PDA,yes,https://doi.org/10.7937/BW9VBX61,C3N-01165,1.3.6.1.4.1.14519.5.2.1.3320.3273.171904689848389372373212057884,AbdomenJBRZUSZNA3FAZY Adult,04-27-2000,Pre-Dose PANCREAS - 1,Open Health Imaging Foundation,RTSTRUCT,RT Structure Set Storage,1.2.840.10008.5.1.4.1.1.481.3,1,14.14 KB,.\CPTAC-PDA\C3N-01165\04-27-2000-NA-AbdomenJBRZUSZNA3FAZY Adult-57884\7.000000-Pre-Dose PANCREAS - 1-339.4,2026-10-07T00:21:06.267
1.2.826.0.1.534147.756.812677238.202322873720842,CPTAC-PDA,yes,https://doi.org/10.7937/BW9VBX61,C3N-01165,1.3.6.1.4.1.14519.5.2.1.3320.3273.171904689848389372373212057884,AbdomenJBRZUSZNA3FAZY Adult,04-27-2000,Pre-Dose LIVER - 1,Open Health Imaging Foundation,RTSTRUCT,RT Structure Set Storage,1.2.840.10008.5.1.4.1.1.481.3,1,21.84 KB,.\CPTAC-PDA\C3N-01165\04-27-2000-NA-AbdomenJBRZUSZNA3FAZY Adult-57884\7.000000-Pre-Dose LIVER - 1-20842,2026-10-07T00:21:07.259
1.2.826.0.1.534147.756.812677238.20232287377284.4,CPTAC-PDA,yes,https://doi.org/10.7937/BW9VBX61,C3N-01165,1.3.6.1.4.1.14519.5.2.1.3320.3273.171904689848389372373212057884,AbdomenJBRZUSZNA3FAZY Adult,04-27-2000,Pre-Dose LIVER - 1 - SEED POINT,Open Health Imaging Foundation,RTSTRUCT,RT Structure Set Storage,1.2.840.10008.5.1.4.1.1.481.3,1,3.85 KB,.\CPTAC-PDA\C3N-01165\04-27-2000-NA-AbdomenJBRZUSZNA3FAZY Adult-57884\7.000000-Pre-Dose LIVER - 1 - SEED POINT-284.4,2026-10-07T00:21:07.261
1.2.826.0.1.534147.667.2747872357.20234229375017.4,CPTAC-PDA,yes,https://doi.org/10.7937/BW9VBX61,C3N-01166,1.3.6.1.4.1.14519.5.2.1.3320.3273.596745801241198867454121634845,AbdomenBRZUCHBOLUSFAZATRZUSTKA Adult,03-23-2000,Pre-Dose LIVER - 1,Open Health Imaging Foundation,RTSTRUCT,RT Structure Set Storage,1.2.840.10008.5.1.4.1.1.481.3,1,33.86 KB,.\CPTAC-PDA\C3N-01166\03-23-2000-NA-AbdomenBRZUCHBOLUSFAZATRZUSTKA Adult-34845\7.000000-Pre-Dose LIVER - 1-017.4,2026-10-07T00:21:07.971
1.2.826.0.1.534147.667.2747872357.20234229380887.4,CPTAC-PDA,yes,https://doi.org/10.7937/BW9VBX61,C3N-01166,1.3.6.1.4.1.14519.5.2.1.3320.3273.596745801241198867454121634845,AbdomenBRZUCHBOLUSFAZATRZUSTKA Adult,03-23-2000,Pre-Dose LIVER - 1 - SEED POINT,Open Health Imaging Foundation,RTSTRUCT,RT Structure Set Storage,1.2.840.10008.5.1.4.1.1.481.3,1,3.85 KB,.\CPTAC-PDA\C3N-01166\03-23-2000-NA-AbdomenBRZUCHBOLUSFAZATRZUSTKA Adult-34845\7.000000-Pre-Dose LIVER - 1 - SEED POINT-887.4,2026-10-07T00:21:09.026
1.2.826.0.1.534147.667.2747872357.202342293817454.4,CPTAC-PDA,yes,https://doi.org/10.7937/BW9VBX61,C3N-01166,1.3.6.1.4.1.14519.5.2.1.3320.3273.596745801241198867454121634845,AbdomenBRZUCHBOLUSFAZATRZUSTKA Adult,03-23-2000,Pre-Dose LIVER - 2,Open Health Imaging Foundation,RTSTRUCT,RT Structure Set Storage,1.2.840.10008.5.1.4.1.1.481.3,1,28.40 KB,.\CPTAC-PDA\C3N-01166\03-23-2000-NA-AbdomenBRZUCHBOLUSFAZATRZUSTKA Adult-34845\7.000000-Pre-Dose LIVER - 2-454.4,2026-10-07T00:21:09.318
1.2.826.0.1.534147.667.2747872357.202342293831400.4,CPTAC-PDA,yes,https://doi.org/10.7937/BW9VBX61,C3N-01166,1.3.6.1.4.1.14519.5.2.1.3320.3273.596745801241198867454121634845,AbdomenBRZUCHBOLUSFAZATRZUSTKA Adult,03-23-2000,Pre-Dose LIVER - 2 - SEED POINT,Open Health Imaging Foundation,RTSTRUCT,RT Structure Set Storage,1.2.840.10008.5.1.4.1.1.481.3,1,3.86 KB,.\CPTAC-PDA\C3N-01166\03-23-2000-NA-AbdomenBRZUCHBOLUSFAZATRZUSTKA Adult-34845\7.000000-Pre-Dose LIVER - 2 - SEED POINT-400.4,2026-10-07T00:21:09.708
1.2.826.0.1.534147.667.2747872357.20234273691.4,CPTAC-PDA,yes,https://doi.org/10.7937/BW9VBX61,C3N-01166,1.3.6.1.4.1.14519.5.2.1.3320.3273.596745801241198867454121634845,AbdomenBRZUCHBOLUSFAZATRZUSTKA Adult,03-23-2000,Pre-Dose PANCREAS - 1 - SEED POINT,Open Health Imaging Foundation,RTSTRUCT,RT Structure Set Storage,1.2.840.10008.5.1.4.1.1.481.3,1,3.87 KB,.\CPTAC-PDA\C3N-01166\03-23-2000-NA-AbdomenBRZUCHBOLUSFAZATRZUSTKA Adult-34845\13.000000-Pre-Dose PANCREAS - 1 - SEED POINT-691.4,2026-10-07T00:21:10.73
1.2.826.0.1.534147.667.2747872357.20234273745608.4,CPTAC-PDA,yes,https://doi.org/10.7937/BW9VBX61,C3N-01166,1.3.6.1.4.1.14519.5.2.1.3320.3273.596745801241198867454121634845,AbdomenBRZUCHBOLUSFAZATRZUSTKA Adult,03-23-2000,Pre-Dose PANCREAS - 1 - SEED POINT,Open Health Imaging Foundation,RTSTRUCT,RT Structure Set Storage,1.2.840.10008.5.1.4.1.1.481.3,1,3.87 KB,.\CPTAC-PDA\C3N-01166\03-23-2000-NA-AbdomenBRZUCHBOLUSFAZATRZUSTKA Adult-34845\7.000000-Pre-Dose PANCREAS - 1 - SEED POINT-608.4,2026-10-07T00:21:12.013
1.2.826.0.1.534147.667.2747872357.20234273557850.4,CPTAC-PDA,yes,https://doi.org/10.7937/BW9VBX61,C3N-01166,1.3.6.1.4.1.14519.5.2.1.3320.3273.596745801241198867454121634845,AbdomenBRZUCHBOLUSFAZATRZUSTKA Adult,03-23-2000,Pre-Dose PANCREAS - 1,Open Health Imaging Foundation,RTSTRUCT,RT Structure Set Storage,1.2.840.10008.5.1.4.1.1.481.3,1,120.95 KB,.\CPTAC-PDA\C3N-01166\03-23-2000-NA-AbdomenBRZUCHBOLUSFAZATRZUSTKA Adult-34845\13.000000-Pre-Dose PANCREAS - 1-850.4,2026-10-07T00:21:12.565
1.2.826.0.1.534147.667.2747872357.20234273729224.4,CPTAC-PDA,yes,https://doi.org/10.7937/BW9VBX61,C3N-01166,1.3.6.1.4.1.14519.5.2.1.3320.3273.596745801241198867454121634845,AbdomenBRZUCHBOLUSFAZATRZUSTKA Adult,03-23-2000,Pre-Dose PANCREAS - 1,Open Health Imaging Foundation,RTSTRUCT,RT Structure Set Storage,1.2.840.10008.5.1.4.1.1.481.3,1,169.63 KB,.\CPTAC-PDA\C3N-01166\03-23-2000-NA-AbdomenBRZUCHBOLUSFAZATRZUSTKA Adult-34845\7.000000-Pre-Dose PANCREAS - 1-224.4,2026-10-07T00:21:13
1.2.826.0.1.534147.756.812677238.202322885212173.4,CPTAC-PDA,yes,https://doi.org/10.7937/BW9VBX61,C3N-01166,1.3.6.1.4.1.14519.5.2.1.3320.3273.596745801241198867454121634845,AbdomenBRZUCHBOLUSFAZATRZUSTKA Adult,03-23-2000,Pre-Dose LIVER - 1,Open Health Imaging Foundation,RTSTRUCT,RT Structure Set Storage,1.2.840.10008.5.1.4.1.1.481.3,1,32.07 KB,.\CPTAC-PDA\C3N-01166\03-23-2000-NA-AbdomenBRZUCHBOLUSFAZATRZUSTKA Adult-34845\13.000000-Pre-Dose LIVER - 1-173.4,2026-10-07T00:21:13.89
1.2.826.0.1.534147.756.812677238.202322885236703.4,CPTAC-PDA,yes,https://doi.org/10.7937/BW9VBX61,C3N-01166,1.3.6.1.4.1.14519.5.2.1.3320.3273.596745801241198867454121634845,AbdomenBRZUCHBOLUSFAZATRZUSTKA Adult,03-23-2000,Pre-Dose LIVER - 1 - SEED POINT,Open Health Imaging Foundation,RTSTRUCT,RT Structure Set Storage,1.2.840.10008.5.1.4.1.1.481.3,1,3.85 KB,.\CPTAC-PDA\C3N-01166\03-23-2000-NA-AbdomenBRZUCHBOLUSFAZATRZUSTKA Adult-34845\13.000000-Pre-Dose LIVER - 1 - SEED POINT-703.4,2026-10-07T00:21:14.006
1.2.826.0.1.534147.756.812677238.202322885249511.4,CPTAC-PDA,yes,https://doi.org/10.7937/BW9VBX61,C3N-01166,1.3.6.1.4.1.14519.5.2.1.3320.3273.596745801241198867454121634845,AbdomenBRZUCHBOLUSFAZATRZUSTKA Adult,03-23-2000,Pre-Dose LIVER - 2,Open Health Imaging Foundation,RTSTRUCT,RT Structure Set Storage,1.2.840.10008.5.1.4.1.1.481.3,1,26.47 KB,.\CPTAC-PDA\C3N-01166\03-23-2000-NA-AbdomenBRZUCHBOLUSFAZATRZUSTKA Adult-34845\13.000000-Pre-Dose LIVER - 2-511.4,2026-10-07T00:21:14.629
1.2.826.0.1.534147.756.812677238.202322885259873.4,CPTAC-PDA,yes,https://doi.org/10.7937/BW9VBX61,C3N-01166,1.3.6.1.4.1.14519.5.2.1.3320.3273.596745801241198867454121634845,AbdomenBRZUCHBOLUSFAZATRZUSTKA Adult,03-23-2000,Pre-Dose LIVER - 2 - SEED POINT,Open Health Imaging Foundation,RTSTRUCT,RT Structure Set Storage,1.2.840.10008.5.1.4.1.1.481.3,1,3.85 KB,.\CPTAC-PDA\C3N-01166\03-23-2000-NA-AbdomenBRZUCHBOLUSFAZATRZUSTKA Adult-34845\13.000000-Pre-Dose LIVER - 2 - SEED POINT-873.4,2026-10-07T00:21:15.179
1.2.826.0.1.534147.667.2747872357.202342731141258.4,CPTAC-PDA,yes,https://doi.org/10.7937/BW9VBX61,C3N-01167,1.3.6.1.4.1.14519.5.2.1.3320.3273.296603705380307731709741019444,AbdomenBRZUCHBOLUS Adult,04-19-2000,Pre-Dose PANCREAS - 1 - SEED POINT,Open Health Imaging Foundation,RTSTRUCT,RT Structure Set Storage,1.2.840.10008.5.1.4.1.1.481.3,1,3.86 KB,.\CPTAC-PDA\C3N-01167\04-19-2000-NA-AbdomenBRZUCHBOLUS Adult-19444\12.000000-Pre-Dose PANCREAS - 1 - SEED POINT-258.4,2026-10-07T00:21:15.888
1.2.826.0.1.534147.667.2747872357.202342731124307.4,CPTAC-PDA,yes,https://doi.org/10.7937/BW9VBX61,C3N-01167,1.3.6.1.4.1.14519.5.2.1.3320.3273.296603705380307731709741019444,AbdomenBRZUCHBOLUS Adult,04-19-2000,Pre-Dose PANCREAS - 1,Open Health Imaging Foundation,RTSTRUCT,RT Structure Set Storage,1.2.840.10008.5.1.4.1.1.481.3,1,114.04 KB,.\CPTAC-PDA\C3N-01167\04-19-2000-NA-AbdomenBRZUCHBOLUS Adult-19444\12.000000-Pre-Dose PANCREAS - 1-307.4,2026-10-07T00:21:16.102
1.2.826.0.1.534147.667.2747872357.202342731213987.4,CPTAC-PDA,yes,https://doi.org/10.7937/BW9VBX61,C3N-01167,1.3.6.1.4.1.14519.5.2.1.3320.3273.296603705380307731709741019444,AbdomenBRZUCHBOLUS Adult,04-19-2000,Pre-Dose PANCREAS - 1,Open Health Imaging Foundation,RTSTRUCT,RT Structure Set Storage,1.2.840.10008.5.1.4.1.1.481.3,1,29.14 KB,.\CPTAC-PDA\C3N-01167\04-19-2000-NA-AbdomenBRZUCHBOLUS Adult-19444\9.000000-Pre-Dose PANCREAS - 1-987.4,2026-10-07T00:21:16.734
1.2.826.0.1.534147.667.2747872357.202342731224615.4,CPTAC-PDA,yes,https://doi.org/10.7937/BW9VBX61,C3N-01167,1.3.6.1.4.1.14519.5.2.1.3320.3273.296603705380307731709741019444,AbdomenBRZUCHBOLUS Adult,04-19-2000,Pre-Dose PANCREAS - 1 - SEED POINT,Open Health Imaging Foundation,RTSTRUCT,RT Structure Set Storage,1.2.840.10008.5.1.4.1.1.481.3,1,3.86 KB,.\CPTAC-PDA\C3N-01167\04-19-2000-NA-AbdomenBRZUCHBOLUS Adult-19444\9.000000-Pre-Dose PANCREAS - 1 - SEED POINT-615.4,2026-10-07T00:21:17.285
1.2.826.0.1.534147.667.2747872357.202342731340224.4,CPTAC-PDA,yes,https://doi.org/10.7937/BW9VBX61,C3N-01167,1.3.6.1.4.1.14519.5.2.1.3320.3273.296603705380307731709741019444,AbdomenBRZUCHBOLUS Adult,04-19-2000,Pre-Dose PANCREAS - 1 - SEED POINT,Open Health Imaging Foundation,RTSTRUCT,RT Structure Set Storage,1.2.840.10008.5.1.4.1.1.481.3,1,3.86 KB,.\CPTAC-PDA\C3N-01167\04-19-2000-NA-AbdomenBRZUCHBOLUS Adult-19444\8.000000-Pre-Dose PANCREAS - 1 - SEED POINT-224.4,2026-10-07T00:21:18.049
1.2.826.0.1.534147.667.2747872357.202342731326428.4,CPTAC-PDA,yes,https://doi.org/10.7937/BW9VBX61,C3N-01167,1.3.6.1.4.1.14519.5.2.1.3320.3273.296603705380307731709741019444,AbdomenBRZUCHBOLUS Adult,04-19-2000,Pre-Dose PANCREAS - 1,Open Health Imaging Foundation,RTSTRUCT,RT Structure Set Storage,1.2.840.10008.5.1.4.1.1.481.3,1,139.61 KB,.\CPTAC-PDA\C3N-01167\04-19-2000-NA-AbdomenBRZUCHBOLUS Adult-19444\8.000000-Pre-Dose PANCREAS - 1-428.4,2026-10-07T00:21:18.424
1.2.826.0.1.534147.667.2747872357.20234231153125.4,CPTAC-PDA,yes,https://doi.org/10.7937/BW9VBX61,C3N-01375,1.3.6.1.4.1.14519.5.2.1.3320.3273.271005846382066869742370915515,TK JAMA BRZUSZNA I MIE,04-05-2000,Pre-Dose PANCREAS - 1 - SEED POINT,Open Health Imaging Foundation,RTSTRUCT,RT Structure Set Storage,1.2.840.10008.5.1.4.1.1.481.3,1,3.83 KB,.\CPTAC-PDA\C3N-01375\04-05-2000-NA-TK JAMA BRZUSZNA I MIE-15515\3.000000-Pre-Dose PANCREAS - 1 - SEED POINT-125.4,2026-10-07T00:21:18.735
1.2.826.0.1.534147.667.2747872357.202342312130680.4,CPTAC-PDA,yes,https://doi.org/10.7937/BW9VBX61,C3N-01378,1.3.6.1.4.1.14519.5.2.1.3320.3273.196970582315023188725339201346,TK - BRZUCHA Z K,03-18-2000,Pre-Dose PANCREAS - 1 - SEED POINT,Open Health Imaging Foundation,RTSTRUCT,RT Structure Set Storage,1.2.840.10008.5.1.4.1.1.481.3,1,3.82 KB,.\CPTAC-PDA\C3N-01378\03-18-2000-NA-TK - BRZUCHA Z K-01346\3.000000-Pre-Dose PANCREAS - 1 - SEED POINT-680.4,2026-10-07T00:21:19.994
1.2.826.0.1.534147.667.2747872357.202342311533363.4,CPTAC-PDA,yes,https://doi.org/10.7937/BW9VBX61,C3N-01375,1.3.6.1.4.1.14519.5.2.1.3320.3273.271005846382066869742370915515,TK JAMA BRZUSZNA I MIE,04-05-2000,Pre-Dose PANCREAS - 1,Open Health Imaging Foundation,RTSTRUCT,RT Structure Set Storage,1.2.840.10008.5.1.4.1.1.481.3,1,24.64 KB,.\CPTAC-PDA\C3N-01375\04-05-2000-NA-TK JAMA BRZUSZNA I MIE-15515\3.000000-Pre-Dose PANCREAS - 1-363.4,2026-10-07T00:21:20.104
1.2.826.0.1.534147.667.2747872357.202342312122309,CPTAC-PDA,yes,https://doi.org/10.7937/BW9VBX61,C3N-01378,1.3.6.1.4.1.14519.5.2.1.3320.3273.196970582315023188725339201346,TK - BRZUCHA Z K,03-18-2000,Pre-Dose PANCREAS - 1,Open Health Imaging Foundation,RTSTRUCT,RT Structure Set Storage,1.2.840.10008.5.1.4.1.1.481.3,1,117.44 KB,.\CPTAC-PDA\C3N-01378\03-18-2000-NA-TK - BRZUCHA Z K-01346\3.000000-Pre-Dose PANCREAS - 1-22309,2026-10-07T00:21:20.625
1.2.826.0.1.534147.756.812677238.202322811118287,CPTAC-PDA,yes,https://doi.org/10.7937/BW9VBX61,C3N-01378,1.3.6.1.4.1.14519.5.2.1.3320.3273.196970582315023188725339201346,TK - BRZUCHA Z K,03-18-2000,Pre-Dose LIVER - 1 - SEED POINT,Open Health Imaging Foundation,RTSTRUCT,RT Structure Set Storage,1.2.840.10008.5.1.4.1.1.481.3,1,3.79 KB,.\CPTAC-PDA\C3N-01378\03-18-2000-NA-TK - BRZUCHA Z K-01346\3.000000-Pre-Dose LIVER - 1 - SEED POINT-18287,2026-10-07T00:21:21.483
1.2.826.0.1.534147.756.812677238.20232281113768.4,CPTAC-PDA,yes,https://doi.org/10.7937/BW9VBX61,C3N-01378,1.3.6.1.4.1.14519.5.2.1.3320.3273.196970582315023188725339201346,TK - BRZUCHA Z K,03-18-2000,Pre-Dose LIVER - 1,Open Health Imaging Foundation,RTSTRUCT,RT Structure Set Storage,1.2.840.10008.5.1.4.1.1.481.3,1,14.30 KB,.\CPTAC-PDA\C3N-01378\03-18-2000-NA-TK - BRZUCHA Z K-01346\3.000000-Pre-Dose LIVER - 1-768.4,2026-10-07T00:21:21.736
1.2.826.0.1.534147.667.2747872357.202341922404763.4,CPTAC-PDA,yes,https://doi.org/10.7937/BW9VBX61,C3N-01381,1.3.6.1.4.1.14519.5.2.1.3320.3273.193851200941263260398416877900,TK jamy brzusznej,06-08-2000,Pre-Dose PANCREAS - 1 - SEED POINT,Open Health Imaging Foundation,RTSTRUCT,RT Structure Set Storage,1.2.840.10008.5.1.4.1.1.481.3,1,3.84 KB,.\CPTAC-PDA\C3N-01381\06-08-2000-NA-TK jamy brzusznej-77900\3.000000-Pre-Dose PANCREAS - 1 - SEED POINT-763.4,2026-10-07T00:21:22.745
1.2.826.0.1.534147.667.2747872357.2023419224033871,CPTAC-PDA,yes,https://doi.org/10.7937/BW9VBX61,C3N-01381,1.3.6.1.4.1.14519.5.2.1.3320.3273.193851200941263260398416877900,TK jamy brzusznej,06-08-2000,Pre-Dose PANCREAS - 1,Open Health Imaging Foundation,RTSTRUCT,RT Structure Set Storage,1.2.840.10008.5.1.4.1.1.481.3,1,18.48 KB,.\CPTAC-PDA\C3N-01381\06-08-2000-NA-TK jamy brzusznej-77900\3.000000-Pre-Dose PANCREAS - 1-33871,2026-10-07T00:21:22.82
1.2.826.0.1.534147.667.2747872357.202342312353484,CPTAC-PDA,yes,https://doi.org/10.7937/BW9VBX61,C3N-01382,1.3.6.1.4.1.14519.5.2.1.3320.3273.321921581379809068219350851775,TK jamy brzusznej lub miednicy malej bez kontrastu i z kontraste,06-16-2000,Pre-Dose PANCREAS - 1,Open Health Imaging Foundation,RTSTRUCT,RT Structure Set Storage,1.2.840.10008.5.1.4.1.1.481.3,1,18.32 KB,.\CPTAC-PDA\C3N-01382\06-16-2000-NA-TK jamy brzusznej lub miednicy malej bez kontrastu i -51775\5.000000-Pre-Dose PANCREAS - 1-53484,2026-10-07T00:21:23.641
1.2.826.0.1.534147.667.2747872357.202342312359665.4,CPTAC-PDA,yes,https://doi.org/10.7937/BW9VBX61,C3N-01382,1.3.6.1.4.1.14519.5.2.1.3320.3273.321921581379809068219350851775,TK jamy brzusznej lub miednicy malej bez kontrastu i z kontraste,06-16-2000,Pre-Dose PANCREAS - 1 - SEED POINT,Open Health Imaging Foundation,RTSTRUCT,RT Structure Set Storage,1.2.840.10008.5.1.4.1.1.481.3,1,3.88 KB,.\CPTAC-PDA\C3N-01382\06-16-2000-NA-TK jamy brzusznej lub miednicy malej bez kontrastu i -51775\5.000000-Pre-Dose PANCREAS - 1 - SEED POINT-665.4,2026-10-07T00:21:24.005
1.2.826.0.1.534147.667.2747872357.202342312629435.4,CPTAC-PDA,yes,https://doi.org/10.7937/BW9VBX61,C3N-01383,1.3.6.1.4.1.14519.5.2.1.3320.3273.175163519878951205692111413750,JB,06-13-2000,Pre-Dose PANCREAS - 1,Open Health Imaging Foundation,RTSTRUCT,RT Structure Set Storage,1.2.840.10008.5.1.4.1.1.481.3,1,62.18 KB,.\CPTAC-PDA\C3N-01383\06-13-2000-NA-JB-13750\8.000000-Pre-Dose PANCREAS - 1-435.4,2026-10-07T00:21:24.761
1.2.826.0.1.534147.667.2747872357.202342312636566.4,CPTAC-PDA,yes,https://doi.org/10.7937/BW9VBX61,C3N-01383,1.3.6.1.4.1.14519.5.2.1.3320.3273.175163519878951205692111413750,JB,06-13-2000,Pre-Dose PANCREAS - 1 - SEED POINT,Open Health Imaging Foundation,RTSTRUCT,RT Structure Set Storage,1.2.840.10008.5.1.4.1.1.481.3,1,3.82 KB,.\CPTAC-PDA\C3N-01383\06-13-2000-NA-JB-13750\8.000000-Pre-Dose PANCREAS - 1 - SEED POINT-566.4,2026-10-07T00:21:25.071
1.2.826.0.1.534147.667.2747872357.2023419235144575.4,CPTAC-PDA,yes,https://doi.org/10.7937/BW9VBX61,C3N-01502,1.3.6.1.4.1.14519.5.2.1.7085.3273.137639391346249294962362700058,NA,03-28-2010,Pre-Dose PANCREAS - 1 - SEED POINT,Open Health Imaging Foundation,RTSTRUCT,RT Structure Set Storage,1.2.840.10008.5.1.4.1.1.481.3,1,3.83 KB,.\CPTAC-PDA\C3N-01502\03-28-2010-NA-NA-00058\2.000000-Pre-Dose PANCREAS - 1 - SEED POINT-575.4,2026-10-07T00:21:25.481
1.2.826.0.1.534147.667.2747872357.202341923528798.4,CPTAC-PDA,yes,https://doi.org/10.7937/BW9VBX61,C3N-01502,1.3.6.1.4.1.14519.5.2.1.7085.3273.137639391346249294962362700058,NA,03-28-2010,Pre-Dose PANCREAS - 1,Open Health Imaging Foundation,RTSTRUCT,RT Structure Set Storage,1.2.840.10008.5.1.4.1.1.481.3,1,42.67 KB,.\CPTAC-PDA\C3N-01502\03-28-2010-NA-NA-00058\2.000000-Pre-Dose PANCREAS - 1-798.4,2026-10-07T00:21:26.822
1.2.826.0.1.534147.667.2747872357.2023420005198,CPTAC-PDA,yes,https://doi.org/10.7937/BW9VBX61,C3N-01502,1.3.6.1.4.1.14519.5.2.1.7085.3273.610822423903305051758173009817,NA,04-08-2010,Post-Chemotherapy 2 PANCREAS - 1,Open Health Imaging Foundation,RTSTRUCT,RT Structure Set Storage,1.2.840.10008.5.1.4.1.1.481.3,1,26.94 KB,.\CPTAC-PDA\C3N-01502\04-08-2010-NA-NA-09817\2.000000-Post-Chemotherapy 2 PANCREAS - 1-05198,2026-10-07T00:21:26.822
1.2.826.0.1.534147.667.2747872357.20234200117554.4,CPTAC-PDA,yes,https://doi.org/10.7937/BW9VBX61,C3N-01502,1.3.6.1.4.1.14519.5.2.1.7085.3273.610822423903305051758173009817,NA,04-08-2010,Post-Chemotherapy 2 PANCREAS - 1 - SEED POINT,Open Health Imaging Foundation,RTSTRUCT,RT Structure Set Storage,1.2.840.10008.5.1.4.1.1.481.3,1,3.85 KB,.\CPTAC-PDA\C3N-01502\04-08-2010-NA-NA-09817\2.000000-Post-Chemotherapy 2 PANCREAS - 1 - SEED POINT-554.4,2026-10-07T00:21:26.871
1.2.826.0.1.534147.667.2747872357.202342731640432.4,CPTAC-PDA,yes,https://doi.org/10.7937/BW9VBX61,C3N-01502,1.3.6.1.4.1.14519.5.2.1.7085.3273.610822423903305051758173009817,NA,04-08-2010,Post-Chemotherapy 2 PANCREAS - 1 - SEED POINT,Open Health Imaging Foundation,RTSTRUCT,RT Structure Set Storage,1.2.840.10008.5.1.4.1.1.481.3,1,3.86 KB,.\CPTAC-PDA\C3N-01502\04-08-2010-NA-NA-09817\6.000000-Post-Chemotherapy 2 PANCREAS - 1 - SEED POINT-432.4,2026-10-07T00:21:28.246
1.2.826.0.1.534147.667.2747872357.20234200150654.4,CPTAC-PDA,yes,https://doi.org/10.7937/BW9VBX61,C3N-01714,1.3.6.1.4.1.14519.5.2.1.3320.3273.102996004314994631484895994498,BRZUCH,06-09-2000,Pre-Dose PANCREAS - 1,Open Health Imaging Foundation,RTSTRUCT,RT Structure Set Storage,1.2.840.10008.5.1.4.1.1.481.3,1,26.24 KB,.\CPTAC-PDA\C3N-01714\06-09-2000-NA-BRZUCH-94498\3.000000-Pre-Dose PANCREAS - 1-654.4,2026-10-07T00:21:28.552
1.2.826.0.1.534147.667.2747872357.202342731629475.4,CPTAC-PDA,yes,https://doi.org/10.7937/BW9VBX61,C3N-01502,1.3.6.1.4.1.14519.5.2.1.7085.3273.610822423903305051758173009817,NA,04-08-2010,Post-Chemotherapy 2 PANCREAS - 1,Open Health Imaging Foundation,RTSTRUCT,RT Structure Set Storage,1.2.840.10008.5.1.4.1.1.481.3,1,30.15 KB,.\CPTAC-PDA\C3N-01502\04-08-2010-NA-NA-09817\6.000000-Post-Chemotherapy 2 PANCREAS - 1-475.4,2026-10-07T00:21:28.554
1.2.826.0.1.534147.667.2747872357.202342001523723.4,CPTAC-PDA,yes,https://doi.org/10.7937/BW9VBX61,C3N-01714,1.3.6.1.4.1.14519.5.2.1.3320.3273.102996004314994631484895994498,BRZUCH,06-09-2000,Pre-Dose PANCREAS - 1 - SEED POINT,Open Health Imaging Foundation,RTSTRUCT,RT Structure Set Storage,1.2.840.10008.5.1.4.1.1.481.3,1,3.81 KB,.\CPTAC-PDA\C3N-01714\06-09-2000-NA-BRZUCH-94498\3.000000-Pre-Dose PANCREAS - 1 - SEED POINT-723.4,2026-10-07T00:21:29.794
1.2.826.0.1.534147.667.2747872357.2023422111033448.4,CPTAC-PDA,yes,https://doi.org/10.7937/BW9VBX61,C3N-01715,1.3.6.1.4.1.14519.5.2.1.3320.3273.104561509015294562252961439140,TK JAMY BRZUSZNE,06-14-2000,Pre-Dose PANCREAS - 1 - SEED POINT,Open Health Imaging Foundation,RTSTRUCT,RT Structure Set Storage,1.2.840.10008.5.1.4.1.1.481.3,1,3.82 KB,.\CPTAC-PDA\C3N-01715\06-14-2000-NA-TK JAMY BRZUSZNE-39140\3.000000-Pre-Dose PANCREAS - 1 - SEED POINT-448.4,2026-10-07T00:21:30.399
1.2.826.0.1.534147.667.2747872357.202342211929487.4,CPTAC-PDA,yes,https://doi.org/10.7937/BW9VBX61,C3N-01715,1.3.6.1.4.1.14519.5.2.1.3320.3273.104561509015294562252961439140,TK JAMY BRZUSZNE,06-14-2000,Pre-Dose LIVER - 1 - SEED POINT,Open Health Imaging Foundation,RTSTRUCT,RT Structure Set Storage,1.2.840.10008.5.1.4.1.1.481.3,1,3.80 KB,.\CPTAC-PDA\C3N-01715\06-14-2000-NA-TK JAMY BRZUSZNE-39140\3.000000-Pre-Dose LIVER - 1 - SEED POINT-487.4,2026-10-07T00:21:32.245
1.2.826.0.1.534147.667.2747872357.202342211917317,CPTAC-PDA,yes,https://doi.org/10.7937/BW9VBX61,C3N-01715,1.3.6.1.4.1.14519.5.2.1.3320.3273.104561509015294562252961439140,TK JAMY BRZUSZNE,06-14-2000,Pre-Dose LIVER - 1,Open Health Imaging Foundation,RTSTRUCT,RT Structure Set Storage,1.2.840.10008.5.1.4.1.1.481.3,1,43.19 KB,.\CPTAC-PDA\C3N-01715\06-14-2000-NA-TK JAMY BRZUSZNE-39140\3.000000-Pre-Dose LIVER - 1-17317,2026-10-07T00:21:32.762
1.2.826.0.1.534147.667.2747872357.202342731929112.4,CPTAC-PDA,yes,https://doi.org/10.7937/BW9VBX61,C3N-01715,1.3.6.1.4.1.14519.5.2.1.3320.3273.104561509015294562252961439140,TK JAMY BRZUSZNE,06-14-2000,Pre-Dose MESENTERIC LYMPH NODE - 1 - SEED POINT,Open Health Imaging Foundation,RTSTRUCT,RT Structure Set Storage,1.2.840.10008.5.1.4.1.1.481.3,1,3.87 KB,.\CPTAC-PDA\C3N-01715\06-14-2000-NA-TK JAMY BRZUSZNE-39140\3.000000-Pre-Dose MESENTERIC LYMPH NODE - 1 - SEED POINT-112.4,2026-10-07T00:21:34.628
1.2.826.0.1.534147.667.2747872357.202342731913222.4,CPTAC-PDA,yes,https://doi.org/10.7937/BW9VBX61,C3N-01715,1.3.6.1.4.1.14519.5.2.1.3320.3273.104561509015294562252961439140,TK JAMY BRZUSZNE,06-14-2000,Pre-Dose MESENTERIC LYMPH NODE - 1,Open Health Imaging Foundation,RTSTRUCT,RT Structure Set Storage,1.2.840.10008.5.1.4.1.1.481.3,1,69.89 KB,.\CPTAC-PDA\C3N-01715\06-14-2000-NA-TK JAMY BRZUSZNE-39140\3.000000-Pre-Dose MESENTERIC LYMPH NODE - 1-222.4,2026-10-07T00:21:35.024
1.2.826.0.1.534147.667.2747872357.202342732132439,CPTAC-PDA,yes,https://doi.org/10.7937/BW9VBX61,C3N-01715,1.3.6.1.4.1.14519.5.2.1.3320.3273.104561509015294562252961439140,TK JAMY BRZUSZNE,06-14-2000,Pre-Dose MESENTERIC LYMPH NODE - 1 - SEED POINT,Open Health Imaging Foundation,RTSTRUCT,RT Structure Set Storage,1.2.840.10008.5.1.4.1.1.481.3,1,3.87 KB,.\CPTAC-PDA\C3N-01715\06-14-2000-NA-TK JAMY BRZUSZNE-39140\5.000000-Pre-Dose MESENTERIC LYMPH NODE - 1 - SEED POINT-32439,2026-10-07T00:21:36.443
1.2.826.0.1.534147.667.2747872357.202342732112734.4,CPTAC-PDA,yes,https://doi.org/10.7937/BW9VBX61,C3N-01715,1.3.6.1.4.1.14519.5.2.1.3320.3273.104561509015294562252961439140,TK JAMY BRZUSZNE,06-14-2000,Pre-Dose MESENTERIC LYMPH NODE - 1,Open Health Imaging Foundation,RTSTRUCT,RT Structure Set Storage,1.2.840.10008.5.1.4.1.1.481.3,1,63.93 KB,.\CPTAC-PDA\C3N-01715\06-14-2000-NA-TK JAMY BRZUSZNE-39140\5.000000-Pre-Dose MESENTERIC LYMPH NODE - 1-734.4,2026-10-07T00:21:36.749
1.2.826.0.1.534147.667.2747872357.2023422111021135.4,CPTAC-PDA,yes,https://doi.org/10.7937/BW9VBX61,C3N-01715,1.3.6.1.4.1.14519.5.2.1.3320.3273.104561509015294562252961439140,TK JAMY BRZUSZNE,06-14-2000,Pre-Dose PANCREAS - 1,Open Health Imaging Foundation,RTSTRUCT,RT Structure Set Storage,1.2.840.10008.5.1.4.1.1.481.3,1,556.53 KB,.\CPTAC-PDA\C3N-01715\06-14-2000-NA-TK JAMY BRZUSZNE-39140\3.000000-Pre-Dose PANCREAS - 1-135.4,2026-10-07T00:21:36.778
1.2.826.0.1.534147.756.812677238.2023228111053336.4,CPTAC-PDA,yes,https://doi.org/10.7937/BW9VBX61,C3N-01715,1.3.6.1.4.1.14519.5.2.1.3320.3273.104561509015294562252961439140,TK JAMY BRZUSZNE,06-14-2000,Pre-Dose PANCREAS - 1 - SEED POINT,Open Health Imaging Foundation,RTSTRUCT,RT Structure Set Storage,1.2.840.10008.5.1.4.1.1.481.3,1,3.82 KB,.\CPTAC-PDA\C3N-01715\06-14-2000-NA-TK JAMY BRZUSZNE-39140\5.000000-Pre-Dose PANCREAS - 1 - SEED POINT-336.4,2026-10-07T00:21:38.49
1.2.826.0.1.534147.756.812677238.2023228111122250.4,CPTAC-PDA,yes,https://doi.org/10.7937/BW9VBX61,C3N-01715,1.3.6.1.4.1.14519.5.2.1.3320.3273.104561509015294562252961439140,TK JAMY BRZUSZNE,06-14-2000,Pre-Dose LIVER - 1 - SEED POINT,Open Health Imaging Foundation,RTSTRUCT,RT Structure Set Storage,1.2.840.10008.5.1.4.1.1.481.3,1,3.80 KB,.\CPTAC-PDA\C3N-01715\06-14-2000-NA-TK JAMY BRZUSZNE-39140\5.000000-Pre-Dose LIVER - 1 - SEED POINT-250.4,2026-10-07T00:21:38.688
1.2.826.0.1.534147.756.812677238.2023228111132156.4,CPTAC-PDA,yes,https://doi.org/10.7937/BW9VBX61,C3N-01715,1.3.6.1.4.1.14519.5.2.1.3320.3273.104561509015294562252961439140,TK JAMY BRZUSZNE,06-14-2000,Pre-Dose LIVER - 1,Open Health Imaging Foundation,RTSTRUCT,RT Structure Set Storage,1.2.840.10008.5.1.4.1.1.481.3,1,30.01 KB,.\CPTAC-PDA\C3N-01715\06-14-2000-NA-TK JAMY BRZUSZNE-39140\5.000000-Pre-Dose LIVER - 1-156.4,2026-10-07T00:21:38.955
1.2.826.0.1.534147.667.2747872357.2023423121027891.4,CPTAC-PDA,yes,https://doi.org/10.7937/BW9VBX61,C3N-01716,1.3.6.1.4.1.14519.5.2.1.3320.3273.220147501395068438519119535008,MR- Cholangiografia,06-30-2000,Pre-Dose PANCREAS - 1,Open Health Imaging Foundation,RTSTRUCT,RT Structure Set Storage,1.2.840.10008.5.1.4.1.1.481.3,1,25.03 KB,.\CPTAC-PDA\C3N-01716\06-30-2000-NA-MR- Cholangiografia-35008\9.000000-Pre-Dose PANCREAS - 1-891.4,2026-10-07T00:21:40.442
1.2.826.0.1.534147.667.2747872357.2023423121034336.4,CPTAC-PDA,yes,https://doi.org/10.7937/BW9VBX61,C3N-01716,1.3.6.1.4.1.14519.5.2.1.3320.3273.220147501395068438519119535008,MR- Cholangiografia,06-30-2000,Pre-Dose PANCREAS - 1 - SEED POINT,Open Health Imaging Foundation,RTSTRUCT,RT Structure Set Storage,1.2.840.10008.5.1.4.1.1.481.3,1,3.82 KB,.\CPTAC-PDA\C3N-01716\06-30-2000-NA-MR- Cholangiografia-35008\9.000000-Pre-Dose PANCREAS - 1 - SEED POINT-336.4,2026-10-07T00:21:40.446
1.2.826.0.1.534147.756.812677238.202322811115597.4,CPTAC-PDA,yes,https://doi.org/10.7937/BW9VBX61,C3N-01715,1.3.6.1.4.1.14519.5.2.1.3320.3273.104561509015294562252961439140,TK JAMY BRZUSZNE,06-14-2000,Pre-Dose PANCREAS - 1,Open Health Imaging Foundation,RTSTRUCT,RT Structure Set Storage,1.2.840.10008.5.1.4.1.1.481.3,1,206.55 KB,.\CPTAC-PDA\C3N-01715\06-14-2000-NA-TK JAMY BRZUSZNE-39140\5.000000-Pre-Dose PANCREAS - 1-597.4,2026-10-07T00:21:41.462
1.2.826.0.1.534147.667.2747872357.2023423121346149.4,CPTAC-PDA,yes,https://doi.org/10.7937/BW9VBX61,C3N-01716,1.3.6.1.4.1.14519.5.2.1.3320.3273.220147501395068438519119535008,MR- Cholangiografia,06-30-2000,Pre-Dose PANCREAS - 1 - SEED POINT,Open Health Imaging Foundation,RTSTRUCT,RT Structure Set Storage,1.2.840.10008.5.1.4.1.1.481.3,1,3.82 KB,.\CPTAC-PDA\C3N-01716\06-30-2000-NA-MR- Cholangiografia-35008\7.000000-Pre-Dose PANCREAS - 1 - SEED POINT-149.4,2026-10-07T00:21:41.876
1.2.826.0.1.534147.667.2747872357.2023423121340647.4,CPTAC-PDA,yes,https://doi.org/10.7937/BW9VBX61,C3N-01716,1.3.6.1.4.1.14519.5.2.1.3320.3273.220147501395068438519119535008,MR- Cholangiografia,06-30-2000,Pre-Dose PANCREAS - 1,Open Health Imaging Foundation,RTSTRUCT,RT Structure Set Storage,1.2.840.10008.5.1.4.1.1.481.3,1,23.01 KB,.\CPTAC-PDA\C3N-01716\06-30-2000-NA-MR- Cholangiografia-35008\7.000000-Pre-Dose PANCREAS - 1-647.4,2026-10-07T00:21:42.075
1.2.826.0.1.534147.667.2747872357.2023423121444662.4,CPTAC-PDA,yes,https://doi.org/10.7937/BW9VBX61,C3N-01716,1.3.6.1.4.1.14519.5.2.1.3320.3273.629015898210033915634219978646,TK jamy brzusznej z ko,07-28-2000,Post-Chemotherapy 1 No Findings,Open Health Imaging Foundation,RTSTRUCT,RT Structure Set Storage,1.2.840.10008.5.1.4.1.1.481.3,1,3.22 KB,.\CPTAC-PDA\C3N-01716\07-28-2000-NA-TK jamy brzusznej z ko-78646\3.000000-Post-Chemotherapy 1 No Findings-662.4,2026-10-07T00:21:43.445
1.2.826.0.1.534147.667.2747872357.202342312927204.4,CPTAC-PDA,yes,https://doi.org/10.7937/BW9VBX61,C3N-01716,1.3.6.1.4.1.14519.5.2.1.3320.3273.220147501395068438519119535008,MR- Cholangiografia,06-30-2000,Pre-Dose PANCREAS - 1,Open Health Imaging Foundation,RTSTRUCT,RT Structure Set Storage,1.2.840.10008.5.1.4.1.1.481.3,1,22.46 KB,.\CPTAC-PDA\C3N-01716\06-30-2000-NA-MR- Cholangiografia-35008\5.000000-Pre-Dose PANCREAS - 1-204.4,2026-10-07T00:21:44.236
1.2.826.0.1.534147.667.2747872357.202342312940628,CPTAC-PDA,yes,https://doi.org/10.7937/BW9VBX61,C3N-01716,1.3.6.1.4.1.14519.5.2.1.3320.3273.220147501395068438519119535008,MR- Cholangiografia,06-30-2000,Pre-Dose PANCREAS - 1 - SEED POINT,Open Health Imaging Foundation,RTSTRUCT,RT Structure Set Storage,1.2.840.10008.5.1.4.1.1.481.3,1,3.82 KB,.\CPTAC-PDA\C3N-01716\06-30-2000-NA-MR- Cholangiografia-35008\5.000000-Pre-Dose PANCREAS - 1 - SEED POINT-40628,2026-10-07T00:21:44.242
1.2.826.0.1.534147.667.2747872357.2023423121739747.4,CPTAC-PDA,yes,https://doi.org/10.7937/BW9VBX61,C3N-01897,1.3.6.1.4.1.14519.5.2.1.3320.3273.226079818344521588000912426206,ABDOMENUPPER,08-04-2000,Pre-Dose PANCREAS - 1,Open Health Imaging Foundation,RTSTRUCT,RT Structure Set Storage,1.2.840.10008.5.1.4.1.1.481.3,1,41.03 KB,.\CPTAC-PDA\C3N-01897\08-04-2000-NA-ABDOMENUPPER-26206\14.000000-Pre-Dose PANCREAS - 1-747.4,2026-10-07T00:21:45.74
1.2.826.0.1.534147.667.2747872357.202342312174535.4,CPTAC-PDA,yes,https://doi.org/10.7937/BW9VBX61,C3N-01897,1.3.6.1.4.1.14519.5.2.1.3320.3273.226079818344521588000912426206,ABDOMENUPPER,08-04-2000,Pre-Dose PANCREAS - 1 - SEED POINT,Open Health Imaging Foundation,RTSTRUCT,RT Structure Set Storage,1.2.840.10008.5.1.4.1.1.481.3,1,3.81 KB,.\CPTAC-PDA\C3N-01897\08-04-2000-NA-ABDOMENUPPER-26206\14.000000-Pre-Dose PANCREAS - 1 - SEED POINT-535.4,2026-10-07T00:21:45.823
1.2.826.0.1.534147.667.2747872357.2023423121814457.4,CPTAC-PDA,yes,https://doi.org/10.7937/BW9VBX61,C3N-01897,1.3.6.1.4.1.14519.5.2.1.3320.3273.226079818344521588000912426206,ABDOMENUPPER,08-04-2000,Pre-Dose PANCREAS - 1,Open Health Imaging Foundation,RTSTRUCT,RT Structure Set Storage,1.2.840.10008.5.1.4.1.1.481.3,1,34.50 KB,.\CPTAC-PDA\C3N-01897\08-04-2000-NA-ABDOMENUPPER-26206\15.000000-Pre-Dose PANCREAS - 1-457.4,2026-10-07T00:21:46.266
1.2.826.0.1.534147.667.2747872357.2023423121819537.4,CPTAC-PDA,yes,https://doi.org/10.7937/BW9VBX61,C3N-01897,1.3.6.1.4.1.14519.5.2.1.3320.3273.226079818344521588000912426206,ABDOMENUPPER,08-04-2000,Pre-Dose PANCREAS - 1 - SEED POINT,Open Health Imaging Foundation,RTSTRUCT,RT Structure Set Storage,1.2.840.10008.5.1.4.1.1.481.3,1,3.81 KB,.\CPTAC-PDA\C3N-01897\08-04-2000-NA-ABDOMENUPPER-26206\15.000000-Pre-Dose PANCREAS - 1 - SEED POINT-537.4,2026-10-07T00:21:47.508
1.2.826.0.1.534147.667.2747872357.202342312190414.4,CPTAC-PDA,yes,https://doi.org/10.7937/BW9VBX61,C3N-01897,1.3.6.1.4.1.14519.5.2.1.3320.3273.226079818344521588000912426206,ABDOMENUPPER,08-04-2000,Pre-Dose PANCREAS - 1 - SEED POINT,Open Health Imaging Foundation,RTSTRUCT,RT Structure Set Storage,1.2.840.10008.5.1.4.1.1.481.3,1,3.81 KB,.\CPTAC-PDA\C3N-01897\08-04-2000-NA-ABDOMENUPPER-26206\16.000000-Pre-Dose PANCREAS - 1 - SEED POINT-414.4,2026-10-07T00:21:47.797
1.2.826.0.1.534147.667.2747872357.2023423121850524.4,CPTAC-PDA,yes,https://doi.org/10.7937/BW9VBX61,C3N-01897,1.3.6.1.4.1.14519.5.2.1.3320.3273.226079818344521588000912426206,ABDOMENUPPER,08-04-2000,Pre-Dose PANCREAS - 1,Open Health Imaging Foundation,RTSTRUCT,RT Structure Set Storage,1.2.840.10008.5.1.4.1.1.481.3,1,24.39 KB,.\CPTAC-PDA\C3N-01897\08-04-2000-NA-ABDOMENUPPER-26206\16.000000-Pre-Dose PANCREAS - 1-524.4,2026-10-07T00:21:47.858
1.2.826.0.1.534147.667.2747872357.2023421235821667.4,CPTAC-PDA,yes,https://doi.org/10.7937/BW9VBX61,C3N-01900,1.3.6.1.4.1.14519.5.2.1.3320.3273.169391583962999379678551500250,TK J BRZUSZNEJ,09-19-2000,Pre-Dose No Findings,Open Health Imaging Foundation,RTSTRUCT,RT Structure Set Storage,1.2.840.10008.5.1.4.1.1.481.3,1,3.17 KB,.\CPTAC-PDA\C3N-01900\09-19-2000-NA-TK J BRZUSZNEJ-00250\3.000000-Pre-Dose No Findings-667.4,2026-10-07T00:21:48.896
1.2.826.0.1.534147.667.2747872357.2023423123354454.4,CPTAC-PDA,yes,https://doi.org/10.7937/BW9VBX61,C3N-01907,1.3.6.1.4.1.14519.5.2.1.3320.3273.321956066875102923936151587872,MR jamy brzusznej,08-03-2000,Post-Chemotherapy 1 PANCREAS - 1 - 1 SEED POINT,Open Health Imaging Foundation,RTSTRUCT,RT Structure Set Storage,1.2.840.10008.5.1.4.1.1.481.3,1,3.86 KB,.\CPTAC-PDA\C3N-01907\08-03-2000-NA-MR jamy brzusznej-87872\904.000000-Post-Chemotherapy 1 PANCREAS - 1 - 1 SEED POINT-454.4,2026-10-07T00:21:49.375
1.2.826.0.1.534147.667.2747872357.202342312334771.4,CPTAC-PDA,yes,https://doi.org/10.7937/BW9VBX61,C3N-01907,1.3.6.1.4.1.14519.5.2.1.3320.3273.321956066875102923936151587872,MR jamy brzusznej,08-03-2000,Post-Chemotherapy 1 PANCREAS - 1 - 1,Open Health Imaging Foundation,RTSTRUCT,RT Structure Set Storage,1.2.840.10008.5.1.4.1.1.481.3,1,19.72 KB,.\CPTAC-PDA\C3N-01907\08-03-2000-NA-MR jamy brzusznej-87872\904.000000-Post-Chemotherapy 1 PANCREAS - 1 - 1-771.4,2026-10-07T00:21:49.645
1.2.826.0.1.534147.667.2747872357.2023423123432955,CPTAC-PDA,yes,https://doi.org/10.7937/BW9VBX61,C3N-01907,1.3.6.1.4.1.14519.5.2.1.3320.3273.321956066875102923936151587872,MR jamy brzusznej,08-03-2000,Post-Chemotherapy 1 PANCREAS - 1 - 1,Open Health Imaging Foundation,RTSTRUCT,RT Structure Set Storage,1.2.840.10008.5.1.4.1.1.481.3,1,25.36 KB,.\CPTAC-PDA\C3N-01907\08-03-2000-NA-MR jamy brzusznej-87872\903.000000-Post-Chemotherapy 1 PANCREAS - 1 - 1-32955,2026-10-07T00:21:50.866
1.2.826.0.1.534147.667.2747872357.2023423123517552.4,CPTAC-PDA,yes,https://doi.org/10.7937/BW9VBX61,C3N-01907,1.3.6.1.4.1.14519.5.2.1.3320.3273.321956066875102923936151587872,MR jamy brzusznej,08-03-2000,Post-Chemotherapy 1 PANCREAS - 1 - 1,Open Health Imaging Foundation,RTSTRUCT,RT Structure Set Storage,1.2.840.10008.5.1.4.1.1.481.3,1,3.98 KB,.\CPTAC-PDA\C3N-01907\08-03-2000-NA-MR jamy brzusznej-87872\901.000000-Post-Chemotherapy 1 PANCREAS - 1 - 1-552.4,2026-10-07T00:21:51.6
1.2.826.0.1.534147.667.2747872357.2023423123527227.4,CPTAC-PDA,yes,https://doi.org/10.7937/BW9VBX61,C3N-01907,1.3.6.1.4.1.14519.5.2.1.3320.3273.321956066875102923936151587872,MR jamy brzusznej,08-03-2000,Post-Chemotherapy 1 PANCREAS - 1 - 1 SEED POINT,Open Health Imaging Foundation,RTSTRUCT,RT Structure Set Storage,1.2.840.10008.5.1.4.1.1.481.3,1,3.86 KB,.\CPTAC-PDA\C3N-01907\08-03-2000-NA-MR jamy brzusznej-87872\901.000000-Post-Chemotherapy 1 PANCREAS - 1 - 1 SEED POINT-227.4,2026-10-07T00:21:52.515
1.2.826.0.1.534147.667.2747872357.2023423123438941.4,CPTAC-PDA,yes,https://doi.org/10.7937/BW9VBX61,C3N-01907,1.3.6.1.4.1.14519.5.2.1.3320.3273.321956066875102923936151587872,MR jamy brzusznej,08-03-2000,Post-Chemotherapy 1 PANCREAS - 1 - 1 SEED POINT,Open Health Imaging Foundation,RTSTRUCT,RT Structure Set Storage,1.2.840.10008.5.1.4.1.1.481.3,1,3.86 KB,.\CPTAC-PDA\C3N-01907\08-03-2000-NA-MR jamy brzusznej-87872\903.000000-Post-Chemotherapy 1 PANCREAS - 1 - 1 SEED POINT-941.4,2026-10-07T00:21:52.817
1.2.826.0.1.534147.667.2747872357.2023423122550323,CPTAC-PDA,yes,https://doi.org/10.7937/BW9VBX61,C3N-01907,1.3.6.1.4.1.14519.5.2.1.3320.3273.362178438870022946690238035345,TK jamy brzusznej z kontrastem,06-29-2000,Pre-Dose PANCREAS - 1 - 2 SEED POINT,Open Health Imaging Foundation,RTSTRUCT,RT Structure Set Storage,1.2.840.10008.5.1.4.1.1.481.3,1,4.24 KB,.\CPTAC-PDA\C3N-01907\06-29-2000-NA-TK jamy brzusznej z kontrastem-35345\4.000000-Pre-Dose PANCREAS - 1 - 2 SEED POINT-50323,2026-10-07T00:21:53.848
1.2.826.0.1.534147.667.2747872357.20234259922626,CPTAC-PDA,yes,https://doi.org/10.7937/BW9VBX61,C3N-02010,1.3.6.1.4.1.14519.5.2.1.7085.2626.156815958259983768004588793023,NA,05-01-2011,Pre-Dose PANCREAS - 1,Open Health Imaging Foundation,RTSTRUCT,RT Structure Set Storage,1.2.840.10008.5.1.4.1.1.481.3,1,11.00 KB,.\CPTAC-PDA\C3N-02010\05-01-2011-NA-NA-93023\3.000000-Pre-Dose PANCREAS - 1-22626,2026-10-07T00:21:54.688
1.2.826.0.1.534147.667.2747872357.2023423122542681.4,CPTAC-PDA,yes,https://doi.org/10.7937/BW9VBX61,C3N-01907,1.3.6.1.4.1.14519.5.2.1.3320.3273.362178438870022946690238035345,TK jamy brzusznej z kontrastem,06-29-2000,Pre-Dose PANCREAS - 1 - 2,Open Health Imaging Foundation,RTSTRUCT,RT Structure Set Storage,1.2.840.10008.5.1.4.1.1.481.3,1,55.27 KB,.\CPTAC-PDA\C3N-01907\06-29-2000-NA-TK jamy brzusznej z kontrastem-35345\4.000000-Pre-Dose PANCREAS - 1 - 2-681.4,2026-10-07T00:21:55.602
1.2.826.0.1.534147.667.2747872357.202342599334.4,CPTAC-PDA,yes,https://doi.org/10.7937/BW9VBX61,C3N-02010,1.3.6.1.4.1.14519.5.2.1.7085.2626.156815958259983768004588793023,NA,05-01-2011,Pre-Dose PANCREAS - 1 - SEED POINT,Open Health Imaging Foundation,RTSTRUCT,RT Structure Set Storage,1.2.840.10008.5.1.4.1.1.481.3,1,3.81 KB,.\CPTAC-PDA\C3N-02010\05-01-2011-NA-NA-93023\3.000000-Pre-Dose PANCREAS - 1 - SEED POINT-334.4,2026-10-07T00:21:55.933
1.2.826.0.1.534147.667.2747872357.202342591017993.4,CPTAC-PDA,yes,https://doi.org/10.7937/BW9VBX61,C3N-02010,1.3.6.1.4.1.14519.5.2.1.7085.2626.239775328232376213426193104907,NA,06-16-2011,Pre-Dose PANCREAS - 1 - SEED POINT,Open Health Imaging Foundation,RTSTRUCT,RT Structure Set Storage,1.2.840.10008.5.1.4.1.1.481.3,1,3.81 KB,.\CPTAC-PDA\C3N-02010\06-16-2011-NA-NA-04907\20.000000-Pre-Dose PANCREAS - 1 - SEED POINT-993.4,2026-10-07T00:21:57.352
1.2.826.0.1.534147.667.2747872357.202342591744598.4,CPTAC-PDA,yes,https://doi.org/10.7937/BW9VBX61,C3N-02295,1.3.6.1.4.1.14519.5.2.1.3320.3273.267234490282037389463942780290,JKBrzuch,11-18-2000,Pre-Dose PANCREAS - 1 - SEED POINT,Open Health Imaging Foundation,RTSTRUCT,RT Structure Set Storage,1.2.840.10008.5.1.4.1.1.481.3,1,3.81 KB,.\CPTAC-PDA\C3N-02295\11-18-2000-NA-JKBrzuch-80290\19.000000-Pre-Dose PANCREAS - 1 - SEED POINT-598.4,2026-10-07T00:21:58.687
1.2.826.0.1.534147.667.2747872357.202342591011574.4,CPTAC-PDA,yes,https://doi.org/10.7937/BW9VBX61,C3N-02010,1.3.6.1.4.1.14519.5.2.1.7085.2626.239775328232376213426193104907,NA,06-16-2011,Pre-Dose PANCREAS - 1,Open Health Imaging Foundation,RTSTRUCT,RT Structure Set Storage,1.2.840.10008.5.1.4.1.1.481.3,1,37.27 KB,.\CPTAC-PDA\C3N-02010\06-16-2011-NA-NA-04907\20.000000-Pre-Dose PANCREAS - 1-574.4,2026-10-07T00:21:59.703
1.2.826.0.1.534147.667.2747872357.202342591815448.4,CPTAC-PDA,yes,https://doi.org/10.7937/BW9VBX61,C3N-02295,1.3.6.1.4.1.14519.5.2.1.3320.3273.267234490282037389463942780290,JKBrzuch,11-18-2000,Pre-Dose LEFT ADRENAL GLAND - 1 - SEED POINT,Open Health Imaging Foundation,RTSTRUCT,RT Structure Set Storage,1.2.840.10008.5.1.4.1.1.481.3,1,3.83 KB,.\CPTAC-PDA\C3N-02295\11-18-2000-NA-JKBrzuch-80290\19.000000-Pre-Dose LEFT ADRENAL GLAND - 1 - SEED POINT-448.4,2026-10-07T00:22:00.089
1.2.826.0.1.534147.667.2747872357.2023425917295.4,CPTAC-PDA,yes,https://doi.org/10.7937/BW9VBX61,C3N-02295,1.3.6.1.4.1.14519.5.2.1.3320.3273.267234490282037389463942780290,JKBrzuch,11-18-2000,Pre-Dose PANCREAS - 1,Open Health Imaging Foundation,RTSTRUCT,RT Structure Set Storage,1.2.840.10008.5.1.4.1.1.481.3,1,59.77 KB,.\CPTAC-PDA\C3N-02295\11-18-2000-NA-JKBrzuch-80290\19.000000-Pre-Dose PANCREAS - 1-295.4,2026-10-07T00:22:00.248
1.2.826.0.1.534147.667.2747872357.20234259183333.4,CPTAC-PDA,yes,https://doi.org/10.7937/BW9VBX61,C3N-02295,1.3.6.1.4.1.14519.5.2.1.3320.3273.267234490282037389463942780290,JKBrzuch,11-18-2000,Pre-Dose LEFT ADRENAL GLAND - 1,Open Health Imaging Foundation,RTSTRUCT,RT Structure Set Storage,1.2.840.10008.5.1.4.1.1.481.3,1,8.63 KB,.\CPTAC-PDA\C3N-02295\11-18-2000-NA-JKBrzuch-80290\19.000000-Pre-Dose LEFT ADRENAL GLAND - 1-333.4,2026-10-07T00:22:01.222
1.2.826.0.1.534147.667.2747872357.202342592448988.4,CPTAC-PDA,yes,https://doi.org/10.7937/BW9VBX61,C3N-02295,1.3.6.1.4.1.14519.5.2.1.3320.3273.267234490282037389463942780290,JKBrzuch,11-18-2000,Pre-Dose LEFT ADRENAL GLAND - 1 - SEED POINT,Open Health Imaging Foundation,RTSTRUCT,RT Structure Set Storage,1.2.840.10008.5.1.4.1.1.481.3,1,3.83 KB,.\CPTAC-PDA\C3N-02295\11-18-2000-NA-JKBrzuch-80290\21.000000-Pre-Dose LEFT ADRENAL GLAND - 1 - SEED POINT-988.4,2026-10-07T00:22:01.73
1.2.826.0.1.534147.667.2747872357.202342592423996.4,CPTAC-PDA,yes,https://doi.org/10.7937/BW9VBX61,C3N-02295,1.3.6.1.4.1.14519.5.2.1.3320.3273.267234490282037389463942780290,JKBrzuch,11-18-2000,Pre-Dose LEFT ADRENAL GLAND - 1,Open Health Imaging Foundation,RTSTRUCT,RT Structure Set Storage,1.2.840.10008.5.1.4.1.1.481.3,1,9.22 KB,.\CPTAC-PDA\C3N-02295\11-18-2000-NA-JKBrzuch-80290\21.000000-Pre-Dose LEFT ADRENAL GLAND - 1-996.4,2026-10-07T00:22:02.904
1.2.826.0.1.534147.667.2747872357.2023425927446.4,CPTAC-PDA,yes,https://doi.org/10.7937/BW9VBX61,C3N-02295,1.3.6.1.4.1.14519.5.2.1.3320.3273.267234490282037389463942780290,JKBrzuch,11-18-2000,Pre-Dose LIVER - 1 - SEED POINT,Open Health Imaging Foundation,RTSTRUCT,RT Structure Set Storage,1.2.840.10008.5.1.4.1.1.481.3,1,3.78 KB,.\CPTAC-PDA\C3N-02295\11-18-2000-NA-JKBrzuch-80290\19.000000-Pre-Dose LIVER - 1 - SEED POINT-446.4,2026-10-07T00:22:03.888
1.2.826.0.1.534147.667.2747872357.202342592738296,CPTAC-PDA,yes,https://doi.org/10.7937/BW9VBX61,C3N-02295,1.3.6.1.4.1.14519.5.2.1.3320.3273.267234490282037389463942780290,JKBrzuch,11-18-2000,Pre-Dose LIVER - 1,Open Health Imaging Foundation,RTSTRUCT,RT Structure Set Storage,1.2.840.10008.5.1.4.1.1.481.3,1,22.50 KB,.\CPTAC-PDA\C3N-02295\11-18-2000-NA-JKBrzuch-80290\19.000000-Pre-Dose LIVER - 1-38296,2026-10-07T00:22:06.028
1.2.826.0.1.534147.756.812677238.202322813453799.4,CPTAC-PDA,yes,https://doi.org/10.7937/BW9VBX61,C3N-02295,1.3.6.1.4.1.14519.5.2.1.3320.3273.267234490282037389463942780290,JKBrzuch,11-18-2000,Pre-Dose LIVER - 1,Open Health Imaging Foundation,RTSTRUCT,RT Structure Set Storage,1.2.840.10008.5.1.4.1.1.481.3,1,23.21 KB,.\CPTAC-PDA\C3N-02295\11-18-2000-NA-JKBrzuch-80290\21.000000-Pre-Dose LIVER - 1-799.4,2026-10-07T00:22:07.88
1.2.826.0.1.534147.756.812677238.20232281355135.4,CPTAC-PDA,yes,https://doi.org/10.7937/BW9VBX61,C3N-02295,1.3.6.1.4.1.14519.5.2.1.3320.3273.267234490282037389463942780290,JKBrzuch,11-18-2000,Pre-Dose LIVER - 1 - SEED POINT,Open Health Imaging Foundation,RTSTRUCT,RT Structure Set Storage,1.2.840.10008.5.1.4.1.1.481.3,1,3.78 KB,.\CPTAC-PDA\C3N-02295\11-18-2000-NA-JKBrzuch-80290\21.000000-Pre-Dose LIVER - 1 - SEED POINT-135.4,2026-10-07T00:22:08.186
1.2.826.0.1.534147.756.812677238.20233372419324.4,CPTAC-PDA,yes,https://doi.org/10.7937/BW9VBX61,C3N-02295,1.3.6.1.4.1.14519.5.2.1.3320.3273.267234490282037389463942780290,JKBrzuch,11-18-2000,Pre-Dose PANCREAS - 1,Open Health Imaging Foundation,RTSTRUCT,RT Structure Set Storage,1.2.840.10008.5.1.4.1.1.481.3,1,63.63 KB,.\CPTAC-PDA\C3N-02295\11-18-2000-NA-JKBrzuch-80290\21.000000-Pre-Dose PANCREAS - 1-324.4,2026-10-07T00:22:08.485
1.2.826.0.1.534147.667.2747872357.20234298528893.4,CPTAC-PDA,yes,https://doi.org/10.7937/BW9VBX61,C3N-02592,1.3.6.1.4.1.14519.5.2.1.3320.3273.195032503893401601863702238054,TK- j. brzuszna z kontr.,11-09-2000,Pre-Dose PANCREAS - 1 - SEED POINT,Open Health Imaging Foundation,RTSTRUCT,RT Structure Set Storage,1.2.840.10008.5.1.4.1.1.481.3,1,3.81 KB,.\CPTAC-PDA\C3N-02592\11-09-2000-NA-TK- j. brzuszna z kontr.-38054\3.000000-Pre-Dose PANCREAS - 1 - SEED POINT-893.4,2026-10-07T00:22:10.089
1.2.826.0.1.534147.756.812677238.20233372430808.4,CPTAC-PDA,yes,https://doi.org/10.7937/BW9VBX61,C3N-02295,1.3.6.1.4.1.14519.5.2.1.3320.3273.267234490282037389463942780290,JKBrzuch,11-18-2000,Pre-Dose PANCREAS - 1 - SEED POINT,Open Health Imaging Foundation,RTSTRUCT,RT Structure Set Storage,1.2.840.10008.5.1.4.1.1.481.3,1,3.80 KB,.\CPTAC-PDA\C3N-02295\11-18-2000-NA-JKBrzuch-80290\21.000000-Pre-Dose PANCREAS - 1 - SEED POINT-808.4,2026-10-07T00:22:10.122
1.2.826.0.1.534147.667.2747872357.20234298519393.4,CPTAC-PDA,yes,https://doi.org/10.7937/BW9VBX61,C3N-02592,1.3.6.1.4.1.14519.5.2.1.3320.3273.195032503893401601863702238054,TK- j. brzuszna z kontr.,11-09-2000,Pre-Dose PANCREAS - 1,Open Health Imaging Foundation,RTSTRUCT,RT Structure Set Storage,1.2.840.10008.5.1.4.1.1.481.3,1,55.50 KB,.\CPTAC-PDA\C3N-02592\11-09-2000-NA-TK- j. brzuszna z kontr.-38054\3.000000-Pre-Dose PANCREAS - 1-393.4,2026-10-07T00:22:10.313
1.2.826.0.1.534147.667.2747872357.202342510269115.4,CPTAC-PDA,yes,https://doi.org/10.7937/BW9VBX61,C3N-02697,1.3.6.1.4.1.14519.5.2.1.3320.3273.818317409128828648829797696670,J.BMM,11-02-2000,Pre-Dose LIVER - 1 - SEED POINT,Open Health Imaging Foundation,RTSTRUCT,RT Structure Set Storage,1.2.840.10008.5.1.4.1.1.481.3,1,3.78 KB,.\CPTAC-PDA\C3N-02697\11-02-2000-NA-J.BMM-96670\5.000000-Pre-Dose LIVER - 1 - SEED POINT-115.4,2026-10-07T00:22:11.363
1.2.826.0.1.534147.667.2747872357.2023425112926377.4,CPTAC-PDA,yes,https://doi.org/10.7937/BW9VBX61,C3N-02697,1.3.6.1.4.1.14519.5.2.1.3320.3273.818317409128828648829797696670,J.BMM,11-02-2000,Pre-Dose PANCREAS - 1 - SEED POINT,Open Health Imaging Foundation,RTSTRUCT,RT Structure Set Storage,1.2.840.10008.5.1.4.1.1.481.3,1,3.80 KB,.\CPTAC-PDA\C3N-02697\11-02-2000-NA-J.BMM-96670\6.000000-Pre-Dose PANCREAS - 1 - SEED POINT-377.4,2026-10-07T00:22:12.691
1.2.826.0.1.534147.667.2747872357.202342510267864.4,CPTAC-PDA,yes,https://doi.org/10.7937/BW9VBX61,C3N-02697,1.3.6.1.4.1.14519.5.2.1.3320.3273.818317409128828648829797696670,J.BMM,11-02-2000,Pre-Dose LIVER - 1,Open Health Imaging Foundation,RTSTRUCT,RT Structure Set Storage,1.2.840.10008.5.1.4.1.1.481.3,1,26.64 KB,.\CPTAC-PDA\C3N-02697\11-02-2000-NA-J.BMM-96670\5.000000-Pre-Dose LIVER - 1-864.4,2026-10-07T00:22:13.499
1.2.826.0.1.534147.667.2747872357.202342511327453.4,CPTAC-PDA,yes,https://doi.org/10.7937/BW9VBX61,C3N-02697,1.3.6.1.4.1.14519.5.2.1.3320.3273.818317409128828648829797696670,J.BMM,11-02-2000,Pre-Dose PERIGASTRIC LYMPH NODE - 1 - SEED POINT,Open Health Imaging Foundation,RTSTRUCT,RT Structure Set Storage,1.2.840.10008.5.1.4.1.1.481.3,1,3.86 KB,.\CPTAC-PDA\C3N-02697\11-02-2000-NA-J.BMM-96670\6.000000-Pre-Dose PERIGASTRIC LYMPH NODE - 1 - SEED POINT-453.4,2026-10-07T00:22:15.068
1.2.826.0.1.534147.667.2747872357.202342511294191.4,CPTAC-PDA,yes,https://doi.org/10.7937/BW9VBX61,C3N-02697,1.3.6.1.4.1.14519.5.2.1.3320.3273.818317409128828648829797696670,J.BMM,11-02-2000,Pre-Dose PANCREAS - 1,Open Health Imaging Foundation,RTSTRUCT,RT Structure Set Storage,1.2.840.10008.5.1.4.1.1.481.3,1,22.31 KB,.\CPTAC-PDA\C3N-02697\11-02-2000-NA-J.BMM-96670\6.000000-Pre-Dose PANCREAS - 1-191.4,2026-10-07T00:22:16.308
1.2.826.0.1.534147.667.2747872357.2023425113131712.4,CPTAC-PDA,yes,https://doi.org/10.7937/BW9VBX61,C3N-02697,1.3.6.1.4.1.14519.5.2.1.3320.3273.818317409128828648829797696670,J.BMM,11-02-2000,Pre-Dose PERIGASTRIC LYMPH NODE - 1,Open Health Imaging Foundation,RTSTRUCT,RT Structure Set Storage,1.2.840.10008.5.1.4.1.1.481.3,1,24.51 KB,.\CPTAC-PDA\C3N-02697\11-02-2000-NA-J.BMM-96670\6.000000-Pre-Dose PERIGASTRIC LYMPH NODE - 1-712.4,2026-10-07T00:22:16.881
1.2.826.0.1.534147.667.2747872357.20234251140153.4,CPTAC-PDA,yes,https://doi.org/10.7937/BW9VBX61,C3N-02697,1.3.6.1.4.1.14519.5.2.1.3320.3273.818317409128828648829797696670,J.BMM,11-02-2000,Pre-Dose PERIGASTRIC LYMPH NODE - 1 - SEED POINT,Open Health Imaging Foundation,RTSTRUCT,RT Structure Set Storage,1.2.840.10008.5.1.4.1.1.481.3,1,3.86 KB,.\CPTAC-PDA\C3N-02697\11-02-2000-NA-J.BMM-96670\5.000000-Pre-Dose PERIGASTRIC LYMPH NODE - 1 - SEED POINT-153.4,2026-10-07T00:22:17.72
1.2.826.0.1.534147.667.2747872357.2023425114122678.4,CPTAC-PDA,yes,https://doi.org/10.7937/BW9VBX61,C3N-02697,1.3.6.1.4.1.14519.5.2.1.3320.3273.818317409128828648829797696670,J.BMM,11-02-2000,Pre-Dose PANCREAS - 1,Open Health Imaging Foundation,RTSTRUCT,RT Structure Set Storage,1.2.840.10008.5.1.4.1.1.481.3,1,25.43 KB,.\CPTAC-PDA\C3N-02697\11-02-2000-NA-J.BMM-96670\5.000000-Pre-Dose PANCREAS - 1-678.4,2026-10-07T00:22:18.623
1.2.826.0.1.534147.667.2747872357.2023425113940579.4,CPTAC-PDA,yes,https://doi.org/10.7937/BW9VBX61,C3N-02697,1.3.6.1.4.1.14519.5.2.1.3320.3273.818317409128828648829797696670,J.BMM,11-02-2000,Pre-Dose PERIGASTRIC LYMPH NODE - 1,Open Health Imaging Foundation,RTSTRUCT,RT Structure Set Storage,1.2.840.10008.5.1.4.1.1.481.3,1,25.12 KB,.\CPTAC-PDA\C3N-02697\11-02-2000-NA-J.BMM-96670\5.000000-Pre-Dose PERIGASTRIC LYMPH NODE - 1-579.4,2026-10-07T00:22:19.053
1.2.826.0.1.534147.667.2747872357.2023425114128668.4,CPTAC-PDA,yes,https://doi.org/10.7937/BW9VBX61,C3N-02697,1.3.6.1.4.1.14519.5.2.1.3320.3273.818317409128828648829797696670,J.BMM,11-02-2000,Pre-Dose PANCREAS - 1 - SEED POINT,Open Health Imaging Foundation,RTSTRUCT,RT Structure Set Storage,1.2.840.10008.5.1.4.1.1.481.3,1,3.80 KB,.\CPTAC-PDA\C3N-02697\11-02-2000-NA-J.BMM-96670\5.000000-Pre-Dose PANCREAS - 1 - SEED POINT-668.4,2026-10-07T00:22:19.378
1.2.826.0.1.534147.667.2747872357.2023425115131256.4,CPTAC-PDA,yes,https://doi.org/10.7937/BW9VBX61,C3N-02697,1.3.6.1.4.1.14519.5.2.1.3320.3273.818317409128828648829797696670,J.BMM,11-02-2000,Pre-Dose LIVER - 1 - SEED POINT,Open Health Imaging Foundation,RTSTRUCT,RT Structure Set Storage,1.2.840.10008.5.1.4.1.1.481.3,1,3.78 KB,.\CPTAC-PDA\C3N-02697\11-02-2000-NA-J.BMM-96670\6.000000-Pre-Dose LIVER - 1 - SEED POINT-256.4,2026-10-07T00:22:20.606
1.2.826.0.1.534147.667.2747872357.202342511517278.4,CPTAC-PDA,yes,https://doi.org/10.7937/BW9VBX61,C3N-02697,1.3.6.1.4.1.14519.5.2.1.3320.3273.818317409128828648829797696670,J.BMM,11-02-2000,Pre-Dose PANCREAS - 1 - SEED POINT,Open Health Imaging Foundation,RTSTRUCT,RT Structure Set Storage,1.2.840.10008.5.1.4.1.1.481.3,1,3.80 KB,.\CPTAC-PDA\C3N-02697\11-02-2000-NA-J.BMM-96670\7.000000-Pre-Dose PANCREAS - 1 - SEED POINT-278.4,2026-10-07T00:22:20.877
1.2.826.0.1.534147.667.2747872357.202342511550349.4,CPTAC-PDA,yes,https://doi.org/10.7937/BW9VBX61,C3N-02697,1.3.6.1.4.1.14519.5.2.1.3320.3273.818317409128828648829797696670,J.BMM,11-02-2000,Pre-Dose PERIGASTRIC LYMPH NODE - 1 - SEED POINT,Open Health Imaging Foundation,RTSTRUCT,RT Structure Set Storage,1.2.840.10008.5.1.4.1.1.481.3,1,3.86 KB,.\CPTAC-PDA\C3N-02697\11-02-2000-NA-J.BMM-96670\7.000000-Pre-Dose PERIGASTRIC LYMPH NODE - 1 - SEED POINT-349.4,2026-10-07T00:22:22.619
1.2.826.0.1.534147.667.2747872357.202342511540148.4,CPTAC-PDA,yes,https://doi.org/10.7937/BW9VBX61,C3N-02697,1.3.6.1.4.1.14519.5.2.1.3320.3273.818317409128828648829797696670,J.BMM,11-02-2000,Pre-Dose PERIGASTRIC LYMPH NODE - 1,Open Health Imaging Foundation,RTSTRUCT,RT Structure Set Storage,1.2.840.10008.5.1.4.1.1.481.3,1,30.82 KB,.\CPTAC-PDA\C3N-02697\11-02-2000-NA-J.BMM-96670\7.000000-Pre-Dose PERIGASTRIC LYMPH NODE - 1-148.4,2026-10-07T00:22:23.755
1.2.826.0.1.534147.667.2747872357.2023425115121406.4,CPTAC-PDA,yes,https://doi.org/10.7937/BW9VBX61,C3N-02697,1.3.6.1.4.1.14519.5.2.1.3320.3273.818317409128828648829797696670,J.BMM,11-02-2000,Pre-Dose LIVER - 1,Open Health Imaging Foundation,RTSTRUCT,RT Structure Set Storage,1.2.840.10008.5.1.4.1.1.481.3,1,27.01 KB,.\CPTAC-PDA\C3N-02697\11-02-2000-NA-J.BMM-96670\6.000000-Pre-Dose LIVER - 1-406.4,2026-10-07T00:22:24.459
1.2.826.0.1.534147.667.2747872357.20234251156407.4,CPTAC-PDA,yes,https://doi.org/10.7937/BW9VBX61,C3N-02697,1.3.6.1.4.1.14519.5.2.1.3320.3273.818317409128828648829797696670,J.BMM,11-02-2000,Pre-Dose PANCREAS - 1,Open Health Imaging Foundation,RTSTRUCT,RT Structure Set Storage,1.2.840.10008.5.1.4.1.1.481.3,1,27.10 KB,.\CPTAC-PDA\C3N-02697\11-02-2000-NA-J.BMM-96670\7.000000-Pre-Dose PANCREAS - 1-407.4,2026-10-07T00:22:24.459
1.2.826.0.1.534147.667.2747872357.2023425142420788.4,CPTAC-PDA,yes,https://doi.org/10.7937/BW9VBX61,C3N-02971,1.3.6.1.4.1.14519.5.2.1.7085.2626.256404623014926450440901790134,AbdomenDUALPHASEPANC Adult,02-07-2011,Pre-Dose PANCREAS - 1 - SEED POINT,Open Health Imaging Foundation,RTSTRUCT,RT Structure Set Storage,1.2.840.10008.5.1.4.1.1.481.3,1,3.85 KB,.\CPTAC-PDA\C3N-02971\02-07-2011-NA-AbdomenDUALPHASEPANC Adult-90134\8.000000-Pre-Dose PANCREAS - 1 - SEED POINT-788.4,2026-10-07T00:22:25.217
1.2.826.0.1.534147.667.2747872357.202342514246746.2,CPTAC-PDA,yes,https://doi.org/10.7937/BW9VBX61,C3N-02971,1.3.6.1.4.1.14519.5.2.1.7085.2626.256404623014926450440901790134,AbdomenDUALPHASEPANC Adult,02-07-2011,Pre-Dose PANCREAS - 1,Open Health Imaging Foundation,RTSTRUCT,RT Structure Set Storage,1.2.840.10008.5.1.4.1.1.481.3,1,40.99 KB,.\CPTAC-PDA\C3N-02971\02-07-2011-NA-AbdomenDUALPHASEPANC Adult-90134\8.000000-Pre-Dose PANCREAS - 1-746.2,2026-10-07T00:22:26.758
1.2.826.0.1.534147.756.812677238.20232294294203.4,CPTAC-PDA,yes,https://doi.org/10.7937/BW9VBX61,C3N-02971,1.3.6.1.4.1.14519.5.2.1.7085.2626.256404623014926450440901790134,AbdomenDUALPHASEPANC Adult,02-07-2011,Pre-Dose PANCREAS - 1 - SEED POINT,Open Health Imaging Foundation,RTSTRUCT,RT Structure Set Storage,1.2.840.10008.5.1.4.1.1.481.3,1,3.85 KB,.\CPTAC-PDA\C3N-02971\02-07-2011-NA-AbdomenDUALPHASEPANC Adult-90134\4.000000-Pre-Dose PANCREAS - 1 - SEED POINT-203.4,2026-10-07T00:22:27.124
1.2.826.0.1.534147.756.812677238.202322942514354,CPTAC-PDA,yes,https://doi.org/10.7937/BW9VBX61,C3N-02971,1.3.6.1.4.1.14519.5.2.1.7085.2626.256404623014926450440901790134,AbdomenDUALPHASEPANC Adult,02-07-2011,Pre-Dose PANCREAS - 1,Open Health Imaging Foundation,RTSTRUCT,RT Structure Set Storage,1.2.840.10008.5.1.4.1.1.481.3,1,60.68 KB,.\CPTAC-PDA\C3N-02971\02-07-2011-NA-AbdomenDUALPHASEPANC Adult-90134\4.000000-Pre-Dose PANCREAS - 1-14354,2026-10-07T00:22:27.732
1.2.826.0.1.534147.667.2747872357.2023425143642343.4,CPTAC-PDA,yes,https://doi.org/10.7937/BW9VBX61,C3N-02997,1.3.6.1.4.1.14519.5.2.1.3320.3273.250235972134537059608569744179,TK JAMY BRZUSZNEJ I MIEDNICY MNIEJSZEJ,12-07-2000,Pre-Dose PANCREAS - 1,Open Health Imaging Foundation,RTSTRUCT,RT Structure Set Storage,1.2.840.10008.5.1.4.1.1.481.3,1,35.56 KB,.\CPTAC-PDA\C3N-02997\12-07-2000-NA-TK JAMY BRZUSZNEJ I MIEDNICY MNIEJSZEJ-44179\5.000000-Pre-Dose PANCREAS - 1-343.4,2026-10-07T00:22:28.355
1.2.826.0.1.534147.756.812677238.202322961518248.4,CPTAC-PDA,yes,https://doi.org/10.7937/BW9VBX61,C3N-02997,1.3.6.1.4.1.14519.5.2.1.3320.3273.250235972134537059608569744179,TK JAMY BRZUSZNEJ I MIEDNICY MNIEJSZEJ,12-07-2000,Pre-Dose PANCREAS - 1 - SEED POINT,Open Health Imaging Foundation,RTSTRUCT,RT Structure Set Storage,1.2.840.10008.5.1.4.1.1.481.3,1,3.83 KB,.\CPTAC-PDA\C3N-02997\12-07-2000-NA-TK JAMY BRZUSZNEJ I MIEDNICY MNIEJSZEJ-44179\6.000000-Pre-Dose PANCREAS - 1 - SEED POINT-248.4,2026-10-07T00:22:29.308
1.2.826.0.1.534147.756.812677238.202322961529439.4,CPTAC-PDA,yes,https://doi.org/10.7937/BW9VBX61,C3N-02997,1.3.6.1.4.1.14519.5.2.1.3320.3273.250235972134537059608569744179,TK JAMY BRZUSZNEJ I MIEDNICY MNIEJSZEJ,12-07-2000,Pre-Dose PANCREAS - 1,Open Health Imaging Foundation,RTSTRUCT,RT Structure Set Storage,1.2.840.10008.5.1.4.1.1.481.3,1,16.55 KB,.\CPTAC-PDA\C3N-02997\12-07-2000-NA-TK JAMY BRZUSZNEJ I MIEDNICY MNIEJSZEJ-44179\6.000000-Pre-Dose PANCREAS - 1-439.4,2026-10-07T00:22:30.91
1.2.826.0.1.534147.756.812677238.20232296172240.4,CPTAC-PDA,yes,https://doi.org/10.7937/BW9VBX61,C3N-02997,1.3.6.1.4.1.14519.5.2.1.3320.3273.250235972134537059608569744179,TK JAMY BRZUSZNEJ I MIEDNICY MNIEJSZEJ,12-07-2000,Pre-Dose INGUINAL LYMPH NODE - 1 - SEED POINT,Open Health Imaging Foundation,RTSTRUCT,RT Structure Set Storage,1.2.840.10008.5.1.4.1.1.481.3,1,3.88 KB,.\CPTAC-PDA\C3N-02997\12-07-2000-NA-TK JAMY BRZUSZNEJ I MIEDNICY MNIEJSZEJ-44179\6.000000-Pre-Dose INGUINAL LYMPH NODE - 1 - SEED POINT-240.4,2026-10-07T00:22:30.915
1.2.826.0.1.534147.667.2747872357.20234251437874.4,CPTAC-PDA,yes,https://doi.org/10.7937/BW9VBX61,C3N-02997,1.3.6.1.4.1.14519.5.2.1.3320.3273.250235972134537059608569744179,TK JAMY BRZUSZNEJ I MIEDNICY MNIEJSZEJ,12-07-2000,Pre-Dose PANCREAS - 1 - SEED POINT,Open Health Imaging Foundation,RTSTRUCT,RT Structure Set Storage,1.2.840.10008.5.1.4.1.1.481.3,1,3.83 KB,.\CPTAC-PDA\C3N-02997\12-07-2000-NA-TK JAMY BRZUSZNEJ I MIEDNICY MNIEJSZEJ-44179\5.000000-Pre-Dose PANCREAS - 1 - SEED POINT-874.4,2026-10-07T00:22:31.912
1.2.826.0.1.534147.667.2747872357.2023425144710630.4,CPTAC-PDA,yes,https://doi.org/10.7937/BW9VBX61,C3N-02998,1.3.6.1.4.1.14519.5.2.1.3320.3273.206827259103977952921234516451,TK J. BRZ. I M.M,01-27-2001,Pre-Dose PANCREAS - 1 - SEED POINT,Open Health Imaging Foundation,RTSTRUCT,RT Structure Set Storage,1.2.840.10008.5.1.4.1.1.481.3,1,3.82 KB,.\CPTAC-PDA\C3N-02998\01-27-2001-NA-TK J. BRZ. I M.M-16451\3.000000-Pre-Dose PANCREAS - 1 - SEED POINT-630.4,2026-10-07T00:22:32.3
1.2.826.0.1.534147.756.812677238.20232296179980.4,CPTAC-PDA,yes,https://doi.org/10.7937/BW9VBX61,C3N-02997,1.3.6.1.4.1.14519.5.2.1.3320.3273.250235972134537059608569744179,TK JAMY BRZUSZNEJ I MIEDNICY MNIEJSZEJ,12-07-2000,Pre-Dose INGUINAL LYMPH NODE - 1,Open Health Imaging Foundation,RTSTRUCT,RT Structure Set Storage,1.2.840.10008.5.1.4.1.1.481.3,1,42.36 KB,.\CPTAC-PDA\C3N-02997\12-07-2000-NA-TK JAMY BRZUSZNEJ I MIEDNICY MNIEJSZEJ-44179\6.000000-Pre-Dose INGUINAL LYMPH NODE - 1-980.4,2026-10-07T00:22:32.908
1.2.826.0.1.534147.667.2747872357.202342514472503.4,CPTAC-PDA,yes,https://doi.org/10.7937/BW9VBX61,C3N-02998,1.3.6.1.4.1.14519.5.2.1.3320.3273.206827259103977952921234516451,TK J. BRZ. I M.M,01-27-2001,Pre-Dose PANCREAS - 1,Open Health Imaging Foundation,RTSTRUCT,RT Structure Set Storage,1.2.840.10008.5.1.4.1.1.481.3,1,11.58 KB,.\CPTAC-PDA\C3N-02998\01-27-2001-NA-TK J. BRZ. I M.M-16451\3.000000-Pre-Dose PANCREAS - 1-503.4,2026-10-07T00:22:33.978
1.2.826.0.1.534147.667.2747872357.202342515114339.4,CPTAC-PDA,yes,https://doi.org/10.7937/BW9VBX61,C3N-03000,1.3.6.1.4.1.14519.5.2.1.3320.3273.331834025250128631181132225403,BRZUCHC,02-07-2001,Pre-Dose PANCREAS - 1 - SEED POINT,Open Health Imaging Foundation,RTSTRUCT,RT Structure Set Storage,1.2.840.10008.5.1.4.1.1.481.3,1,3.80 KB,.\CPTAC-PDA\C3N-03000\02-07-2001-NA-BRZUCHC-25403\4.000000-Pre-Dose PANCREAS - 1 - SEED POINT-339.4,2026-10-07T00:22:35.21
1.2.826.0.1.534147.756.812677238.202322964829891.4,CPTAC-PDA,yes,https://doi.org/10.7937/BW9VBX61,C3N-03000,1.3.6.1.4.1.14519.5.2.1.3320.3273.331834025250128631181132225403,BRZUCHC,02-07-2001,Pre-Dose PANCREAS - 1 - SEED POINT,Open Health Imaging Foundation,RTSTRUCT,RT Structure Set Storage,1.2.840.10008.5.1.4.1.1.481.3,1,3.80 KB,.\CPTAC-PDA\C3N-03000\02-07-2001-NA-BRZUCHC-25403\5.000000-Pre-Dose PANCREAS - 1 - SEED POINT-891.4,2026-10-07T00:22:38.192
1.2.826.0.1.534147.667.2747872357.202342515410142.4,CPTAC-PDA,yes,https://doi.org/10.7937/BW9VBX61,C3N-03006,1.3.6.1.4.1.14519.5.2.1.3320.3273.220298847611258769197955863949,MR jamy brzusznej wielofazowo,01-09-2001,Pre-Dose No Findings,Open Health Imaging Foundation,RTSTRUCT,RT Structure Set Storage,1.2.840.10008.5.1.4.1.1.481.3,1,3.19 KB,.\CPTAC-PDA\C3N-03006\01-09-2001-NA-MR jamy brzusznej wielofazowo-63949\1004.000000-Pre-Dose No Findings-142.4,2026-10-07T00:22:40.646
1.2.826.0.1.534147.667.2747872357.2023425151039987.4,CPTAC-PDA,yes,https://doi.org/10.7937/BW9VBX61,C3N-03000,1.3.6.1.4.1.14519.5.2.1.3320.3273.331834025250128631181132225403,BRZUCHC,02-07-2001,Pre-Dose PANCREAS - 1,Open Health Imaging Foundation,RTSTRUCT,RT Structure Set Storage,1.2.840.10008.5.1.4.1.1.481.3,1,496.59 KB,.\CPTAC-PDA\C3N-03000\02-07-2001-NA-BRZUCHC-25403\4.000000-Pre-Dose PANCREAS - 1-987.4,2026-10-07T00:22:42.479
1.2.826.0.1.534147.667.2747872357.2023425154443126.4,CPTAC-PDA,yes,https://doi.org/10.7937/BW9VBX61,C3N-03007,1.3.6.1.4.1.14519.5.2.1.3320.3273.884650493874959895788772606875,TK klatki piersiowej,03-15-2001,Pre-Dose RIGHT LUNG - 2,Open Health Imaging Foundation,RTSTRUCT,RT Structure Set Storage,1.2.840.10008.5.1.4.1.1.481.3,1,17.63 KB,.\CPTAC-PDA\C3N-03007\03-15-2001-NA-TK klatki piersiowej-06875\4.000000-Pre-Dose RIGHT LUNG - 2-126.4,2026-10-07T00:22:42.479
1.2.826.0.1.534147.667.2747872357.2023425154452133.4,CPTAC-PDA,yes,https://doi.org/10.7937/BW9VBX61,C3N-03007,1.3.6.1.4.1.14519.5.2.1.3320.3273.884650493874959895788772606875,TK klatki piersiowej,03-15-2001,Pre-Dose RIGHT LUNG - 2 - SEED POINT,Open Health Imaging Foundation,RTSTRUCT,RT Structure Set Storage,1.2.840.10008.5.1.4.1.1.481.3,1,3.82 KB,.\CPTAC-PDA\C3N-03007\03-15-2001-NA-TK klatki piersiowej-06875\4.000000-Pre-Dose RIGHT LUNG - 2 - SEED POINT-133.4,2026-10-07T00:22:43.923
1.2.826.0.1.534147.756.812677238.202322971128476.4,CPTAC-PDA,yes,https://doi.org/10.7937/BW9VBX61,C3N-03007,1.3.6.1.4.1.14519.5.2.1.3320.3273.884650493874959895788772606875,TK klatki piersiowej,03-15-2001,Pre-Dose RIGHT LUNG - 1 - SEED POINT,Open Health Imaging Foundation,RTSTRUCT,RT Structure Set Storage,1.2.840.10008.5.1.4.1.1.481.3,1,3.82 KB,.\CPTAC-PDA\C3N-03007\03-15-2001-NA-TK klatki piersiowej-06875\5.000000-Pre-Dose RIGHT LUNG - 1 - SEED POINT-476.4,2026-10-07T00:22:43.956
1.2.826.0.1.534147.667.2747872357.20234294430821.4,CPTAC-PDA,yes,https://doi.org/10.7937/BW9VBX61,C3N-03039,1.3.6.1.4.1.14519.5.2.1.4801.5885.121624839099703306924058641686,CT ABDOMEN AND PELVIS,08-25-2002,Post-Chemotherapy 2 No Findings,Open Health Imaging Foundation,RTSTRUCT,RT Structure Set Storage,1.2.840.10008.5.1.4.1.1.481.3,1,3.23 KB,.\CPTAC-PDA\C3N-03039\08-25-2002-NA-CT ABDOMEN AND PELVIS-41686\3.000000-Post-Chemotherapy 2 No Findings-821.4,2026-10-07T00:22:45.401
1.2.826.0.1.534147.756.812677238.202322971137942.4,CPTAC-PDA,yes,https://doi.org/10.7937/BW9VBX61,C3N-03007,1.3.6.1.4.1.14519.5.2.1.3320.3273.884650493874959895788772606875,TK klatki piersiowej,03-15-2001,Pre-Dose RIGHT LUNG - 1,Open Health Imaging Foundation,RTSTRUCT,RT Structure Set Storage,1.2.840.10008.5.1.4.1.1.481.3,1,8.55 KB,.\CPTAC-PDA\C3N-03007\03-15-2001-NA-TK klatki piersiowej-06875\5.000000-Pre-Dose RIGHT LUNG - 1-942.4,2026-10-07T00:22:45.969
1.2.826.0.1.534147.667.2747872357.2023429431450.4,CPTAC-PDA,yes,https://doi.org/10.7937/BW9VBX61,C3N-03039,1.3.6.1.4.1.14519.5.2.1.4801.5885.207541680089590858400573374101,CT PANCREATIC MASS CT,07-05-2002,Pre-Dose PANCREAS - 1 - SEED POINT,Open Health Imaging Foundation,RTSTRUCT,RT Structure Set Storage,1.2.840.10008.5.1.4.1.1.481.3,1,3.84 KB,.\CPTAC-PDA\C3N-03039\07-05-2002-NA-CT PANCREATIC MASS CT-74101\4.000000-Pre-Dose PANCREAS - 1 - SEED POINT-450.4,2026-10-07T00:22:47.623
1.2.826.0.1.534147.756.812677238.202322964755702.4,CPTAC-PDA,yes,https://doi.org/10.7937/BW9VBX61,C3N-03000,1.3.6.1.4.1.14519.5.2.1.3320.3273.331834025250128631181132225403,BRZUCHC,02-07-2001,Pre-Dose PANCREAS - 1,Open Health Imaging Foundation,RTSTRUCT,RT Structure Set Storage,1.2.840.10008.5.1.4.1.1.481.3,1,527.76 KB,.\CPTAC-PDA\C3N-03000\02-07-2001-NA-BRZUCHC-25403\5.000000-Pre-Dose PANCREAS - 1-702.4,2026-10-07T00:22:47.907
1.2.826.0.1.534147.667.2747872357.2023429451143.4,CPTAC-PDA,yes,https://doi.org/10.7937/BW9VBX61,C3N-03039,1.3.6.1.4.1.14519.5.2.1.4801.5885.127446994386628980433644027932,CT ABDOMEN AND PELVIS,09-06-2002,Post-Chemotherapy 3 No Findings,Open Health Imaging Foundation,RTSTRUCT,RT Structure Set Storage,1.2.840.10008.5.1.4.1.1.481.3,1,3.23 KB,.\CPTAC-PDA\C3N-03039\09-06-2002-NA-CT ABDOMEN AND PELVIS-27932\2.000000-Post-Chemotherapy 3 No Findings-143.4,2026-10-07T00:22:47.929
1.2.826.0.1.534147.667.2747872357.20234294330130.4,CPTAC-PDA,yes,https://doi.org/10.7937/BW9VBX61,C3N-03039,1.3.6.1.4.1.14519.5.2.1.4801.5885.235961586702708201896469460913,CT CHEST WITHOUT CONTR,07-07-2002,Post-Chemotherapy 1 No Findings,Open Health Imaging Foundation,RTSTRUCT,RT Structure Set Storage,1.2.840.10008.5.1.4.1.1.481.3,1,3.23 KB,.\CPTAC-PDA\C3N-03039\07-07-2002-NA-CT CHEST WITHOUT CONTR-60913\3.000000-Post-Chemotherapy 1 No Findings-130.4,2026-10-07T00:22:49.345
1.2.826.0.1.534147.667.2747872357.2023429437707.4,CPTAC-PDA,yes,https://doi.org/10.7937/BW9VBX61,C3N-03039,1.3.6.1.4.1.14519.5.2.1.4801.5885.207541680089590858400573374101,CT PANCREATIC MASS CT,07-05-2002,Pre-Dose PANCREAS - 1,Open Health Imaging Foundation,RTSTRUCT,RT Structure Set Storage,1.2.840.10008.5.1.4.1.1.481.3,1,38.23 KB,.\CPTAC-PDA\C3N-03039\07-05-2002-NA-CT PANCREATIC MASS CT-74101\4.000000-Pre-Dose PANCREAS - 1-707.4,2026-10-07T00:22:49.75
1.2.826.0.1.534147.667.2747872357.2023425154745909.4,CPTAC-PDA,yes,https://doi.org/10.7937/BW9VBX61,C3N-03426,1.3.6.1.4.1.14519.5.2.1.3320.3273.208030984127887223525542073815,TK jamy brzusznej,04-11-2001,Pre-Dose PERIPANCREATIC LYMPH NODE - 1,Open Health Imaging Foundation,RTSTRUCT,RT Structure Set Storage,1.2.840.10008.5.1.4.1.1.481.3,1,18.97 KB,.\CPTAC-PDA\C3N-03426\04-11-2001-NA-TK jamy brzusznej-73815\4.000000-Pre-Dose PERIPANCREATIC LYMPH NODE - 1-909.4,2026-10-07T00:22:49.75
1.2.826.0.1.534147.667.2747872357.20234251548078.4,CPTAC-PDA,yes,https://doi.org/10.7937/BW9VBX61,C3N-03426,1.3.6.1.4.1.14519.5.2.1.3320.3273.208030984127887223525542073815,TK jamy brzusznej,04-11-2001,Pre-Dose PERIPANCREATIC LYMPH NODE - 1 - SEED POINT,Open Health Imaging Foundation,RTSTRUCT,RT Structure Set Storage,1.2.840.10008.5.1.4.1.1.481.3,1,3.88 KB,.\CPTAC-PDA\C3N-03426\04-11-2001-NA-TK jamy brzusznej-73815\4.000000-Pre-Dose PERIPANCREATIC LYMPH NODE - 1 - SEED POINT-078.4,2026-10-07T00:22:50.982
1.2.826.0.1.534147.756.812677238.202322985010945.4,CPTAC-PDA,yes,https://doi.org/10.7937/BW9VBX61,C3N-03426,1.3.6.1.4.1.14519.5.2.1.3320.3273.208030984127887223525542073815,TK jamy brzusznej,04-11-2001,Pre-Dose PANCREAS - 1 - SEED POINT,Open Health Imaging Foundation,RTSTRUCT,RT Structure Set Storage,1.2.840.10008.5.1.4.1.1.481.3,1,3.81 KB,.\CPTAC-PDA\C3N-03426\04-11-2001-NA-TK jamy brzusznej-73815\4.000000-Pre-Dose PANCREAS - 1 - SEED POINT-945.4,2026-10-07T00:22:51.184
1.2.826.0.1.534147.756.812677238.202322985030540.4,CPTAC-PDA,yes,https://doi.org/10.7937/BW9VBX61,C3N-03426,1.3.6.1.4.1.14519.5.2.1.3320.3273.208030984127887223525542073815,TK jamy brzusznej,04-11-2001,Pre-Dose PANCREAS - 1,Open Health Imaging Foundation,RTSTRUCT,RT Structure Set Storage,1.2.840.10008.5.1.4.1.1.481.3,1,17.33 KB,.\CPTAC-PDA\C3N-03426\04-11-2001-NA-TK jamy brzusznej-73815\4.000000-Pre-Dose PANCREAS - 1-540.4,2026-10-07T00:22:51.698
1.2.826.0.1.534147.756.812677238.202322985119765.4,CPTAC-PDA,yes,https://doi.org/10.7937/BW9VBX61,C3N-03426,1.3.6.1.4.1.14519.5.2.1.3320.3273.208030984127887223525542073815,TK jamy brzusznej,04-11-2001,Pre-Dose PARAAORTIC LYMPH NODE - 1 - SEED POINT,Open Health Imaging Foundation,RTSTRUCT,RT Structure Set Storage,1.2.840.10008.5.1.4.1.1.481.3,1,3.87 KB,.\CPTAC-PDA\C3N-03426\04-11-2001-NA-TK jamy brzusznej-73815\4.000000-Pre-Dose PARAAORTIC LYMPH NODE - 1 - SEED POINT-765.4,2026-10-07T00:22:52.621
1.2.826.0.1.534147.756.812677238.202322985147243.4,CPTAC-PDA,yes,https://doi.org/10.7937/BW9VBX61,C3N-03426,1.3.6.1.4.1.14519.5.2.1.3320.3273.208030984127887223525542073815,TK jamy brzusznej,04-11-2001,Pre-Dose PARAAORTIC LYMPH NODE - 1,Open Health Imaging Foundation,RTSTRUCT,RT Structure Set Storage,1.2.840.10008.5.1.4.1.1.481.3,1,15.93 KB,.\CPTAC-PDA\C3N-03426\04-11-2001-NA-TK jamy brzusznej-73815\4.000000-Pre-Dose PARAAORTIC LYMPH NODE - 1-243.4,2026-10-07T00:22:53.357
1.2.826.0.1.534147.756.812677238.202322985217240.4,CPTAC-PDA,yes,https://doi.org/10.7937/BW9VBX61,C3N-03426,1.3.6.1.4.1.14519.5.2.1.3320.3273.208030984127887223525542073815,TK jamy brzusznej,04-11-2001,Pre-Dose PARAAORTIC LYMPH NODE - 2 - SEED POINT,Open Health Imaging Foundation,RTSTRUCT,RT Structure Set Storage,1.2.840.10008.5.1.4.1.1.481.3,1,3.86 KB,.\CPTAC-PDA\C3N-03426\04-11-2001-NA-TK jamy brzusznej-73815\4.000000-Pre-Dose PARAAORTIC LYMPH NODE - 2 - SEED POINT-240.4,2026-10-07T00:22:53.685
1.2.826.0.1.534147.756.812677238.202322985231744.4,CPTAC-PDA,yes,https://doi.org/10.7937/BW9VBX61,C3N-03426,1.3.6.1.4.1.14519.5.2.1.3320.3273.208030984127887223525542073815,TK jamy brzusznej,04-11-2001,Pre-Dose PARAAORTIC LYMPH NODE - 2,Open Health Imaging Foundation,RTSTRUCT,RT Structure Set Storage,1.2.840.10008.5.1.4.1.1.481.3,1,16.56 KB,.\CPTAC-PDA\C3N-03426\04-11-2001-NA-TK jamy brzusznej-73815\4.000000-Pre-Dose PARAAORTIC LYMPH NODE - 2-744.4,2026-10-07T00:22:54.268
1.2.826.0.1.534147.667.2747872357.2023425163640913,CPTAC-PDA,yes,https://doi.org/10.7937/BW9VBX61,C3N-03430,1.3.6.1.4.1.14519.5.2.1.3320.3273.182914658781883148861157582221,Tomografia komputerowa jamy brzusznej z kontrastem,03-08-2001,Pre-Dose LIVER - 1 - SEED POINT,Open Health Imaging Foundation,RTSTRUCT,RT Structure Set Storage,1.2.840.10008.5.1.4.1.1.481.3,1,3.83 KB,.\CPTAC-PDA\C3N-03430\03-08-2001-NA-Tomografia komputerowa jamy brzusznej z kontrastem-82221\601.000000-Pre-Dose LIVER - 1 - SEED POINT-40913,2026-10-07T00:22:54.939
1.2.826.0.1.534147.667.2747872357.202342516361773.4,CPTAC-PDA,yes,https://doi.org/10.7937/BW9VBX61,C3N-03430,1.3.6.1.4.1.14519.5.2.1.3320.3273.182914658781883148861157582221,Tomografia komputerowa jamy brzusznej z kontrastem,03-08-2001,Pre-Dose LIVER - 1,Open Health Imaging Foundation,RTSTRUCT,RT Structure Set Storage,1.2.840.10008.5.1.4.1.1.481.3,1,91.67 KB,.\CPTAC-PDA\C3N-03430\03-08-2001-NA-Tomografia komputerowa jamy brzusznej z kontrastem-82221\601.000000-Pre-Dose LIVER - 1-773.4,2026-10-07T00:22:55.785
1.2.826.0.1.534147.667.2747872357.2023425163857865.4,CPTAC-PDA,yes,https://doi.org/10.7937/BW9VBX61,C3N-03430,1.3.6.1.4.1.14519.5.2.1.3320.3273.182914658781883148861157582221,Tomografia komputerowa jamy brzusznej z kontrastem,03-08-2001,Pre-Dose LIVER - 2,Open Health Imaging Foundation,RTSTRUCT,RT Structure Set Storage,1.2.840.10008.5.1.4.1.1.481.3,1,55.12 KB,.\CPTAC-PDA\C3N-03430\03-08-2001-NA-Tomografia komputerowa jamy brzusznej z kontrastem-82221\601.000000-Pre-Dose LIVER - 2-865.4,2026-10-07T00:22:56.148
1.2.826.0.1.534147.667.2747872357.2023425163914163.4,CPTAC-PDA,yes,https://doi.org/10.7937/BW9VBX61,C3N-03430,1.3.6.1.4.1.14519.5.2.1.3320.3273.182914658781883148861157582221,Tomografia komputerowa jamy brzusznej z kontrastem,03-08-2001,Pre-Dose LIVER - 2 - SEED POINT,Open Health Imaging Foundation,RTSTRUCT,RT Structure Set Storage,1.2.840.10008.5.1.4.1.1.481.3,1,3.83 KB,.\CPTAC-PDA\C3N-03430\03-08-2001-NA-Tomografia komputerowa jamy brzusznej z kontrastem-82221\601.000000-Pre-Dose LIVER - 2 - SEED POINT-163.4,2026-10-07T00:22:56.215
1.2.826.0.1.534147.667.2747872357.202342516432735,CPTAC-PDA,yes,https://doi.org/10.7937/BW9VBX61,C3N-03430,1.3.6.1.4.1.14519.5.2.1.3320.3273.182914658781883148861157582221,Tomografia komputerowa jamy brzusznej z kontrastem,03-08-2001,Pre-Dose PANCREAS - 1 - SEED POINT,Open Health Imaging Foundation,RTSTRUCT,RT Structure Set Storage,1.2.840.10008.5.1.4.1.1.481.3,1,3.85 KB,.\CPTAC-PDA\C3N-03430\03-08-2001-NA-Tomografia komputerowa jamy brzusznej z kontrastem-82221\601.000000-Pre-Dose PANCREAS - 1 - SEED POINT-32735,2026-10-07T00:22:58.156
1.2.826.0.1.534147.667.2747872357.2023425164714752.4,CPTAC-PDA,yes,https://doi.org/10.7937/BW9VBX61,C3N-03430,1.3.6.1.4.1.14519.5.2.1.3320.3273.182914658781883148861157582221,Tomografia komputerowa jamy brzusznej z kontrastem,03-08-2001,Pre-Dose PANCREAS - 1,Open Health Imaging Foundation,RTSTRUCT,RT Structure Set Storage,1.2.840.10008.5.1.4.1.1.481.3,1,79.16 KB,.\CPTAC-PDA\C3N-03430\03-08-2001-NA-Tomografia komputerowa jamy brzusznej z kontrastem-82221\701.000000-Pre-Dose PANCREAS - 1-752.4,2026-10-07T00:22:58.562
1.2.826.0.1.534147.667.2747872357.2023425164728176,CPTAC-PDA,yes,https://doi.org/10.7937/BW9VBX61,C3N-03430,1.3.6.1.4.1.14519.5.2.1.3320.3273.182914658781883148861157582221,Tomografia komputerowa jamy brzusznej z kontrastem,03-08-2001,Pre-Dose PANCREAS - 1 - SEED POINT,Open Health Imaging Foundation,RTSTRUCT,RT Structure Set Storage,1.2.840.10008.5.1.4.1.1.481.3,1,3.85 KB,.\CPTAC-PDA\C3N-03430\03-08-2001-NA-Tomografia komputerowa jamy brzusznej z kontrastem-82221\701.000000-Pre-Dose PANCREAS - 1 - SEED POINT-28176,2026-10-07T00:22:59.79
1.2.826.0.1.534147.667.2747872357.2023425164241625.4,CPTAC-PDA,yes,https://doi.org/10.7937/BW9VBX61,C3N-03430,1.3.6.1.4.1.14519.5.2.1.3320.3273.182914658781883148861157582221,Tomografia komputerowa jamy brzusznej z kontrastem,03-08-2001,Pre-Dose PANCREAS - 1,Open Health Imaging Foundation,RTSTRUCT,RT Structure Set Storage,1.2.840.10008.5.1.4.1.1.481.3,1,77.57 KB,.\CPTAC-PDA\C3N-03430\03-08-2001-NA-Tomografia komputerowa jamy brzusznej z kontrastem-82221\601.000000-Pre-Dose PANCREAS - 1-625.4,2026-10-07T00:23:00.71
1.2.826.0.1.534147.667.2747872357.2023425165149381.4,CPTAC-PDA,yes,https://doi.org/10.7937/BW9VBX61,C3N-03430,1.3.6.1.4.1.14519.5.2.1.3320.3273.182914658781883148861157582221,Tomografia komputerowa jamy brzusznej z kontrastem,03-08-2001,Pre-Dose LIVER - 1 - SEED POINT,Open Health Imaging Foundation,RTSTRUCT,RT Structure Set Storage,1.2.840.10008.5.1.4.1.1.481.3,1,3.83 KB,.\CPTAC-PDA\C3N-03430\03-08-2001-NA-Tomografia komputerowa jamy brzusznej z kontrastem-82221\701.000000-Pre-Dose LIVER - 1 - SEED POINT-381.4,2026-10-07T00:23:01.221
1.2.826.0.1.534147.667.2747872357.2023425165126428.4,CPTAC-PDA,yes,https://doi.org/10.7937/BW9VBX61,C3N-03430,1.3.6.1.4.1.14519.5.2.1.3320.3273.182914658781883148861157582221,Tomografia komputerowa jamy brzusznej z kontrastem,03-08-2001,Pre-Dose LIVER - 1,Open Health Imaging Foundation,RTSTRUCT,RT Structure Set Storage,1.2.840.10008.5.1.4.1.1.481.3,1,74.85 KB,.\CPTAC-PDA\C3N-03430\03-08-2001-NA-Tomografia komputerowa jamy brzusznej z kontrastem-82221\701.000000-Pre-Dose LIVER - 1-428.4,2026-10-07T00:23:01.262
1.2.826.0.1.534147.667.2747872357.2023425165337198.4,CPTAC-PDA,yes,https://doi.org/10.7937/BW9VBX61,C3N-03430,1.3.6.1.4.1.14519.5.2.1.3320.3273.182914658781883148861157582221,Tomografia komputerowa jamy brzusznej z kontrastem,03-08-2001,Pre-Dose LIVER - 2,Open Health Imaging Foundation,RTSTRUCT,RT Structure Set Storage,1.2.840.10008.5.1.4.1.1.481.3,1,56.18 KB,.\CPTAC-PDA\C3N-03430\03-08-2001-NA-Tomografia komputerowa jamy brzusznej z kontrastem-82221\701.000000-Pre-Dose LIVER - 2-198.4,2026-10-07T00:23:02.756
1.2.826.0.1.534147.667.2747872357.202342516541494.4,CPTAC-PDA,yes,https://doi.org/10.7937/BW9VBX61,C3N-03430,1.3.6.1.4.1.14519.5.2.1.3320.3273.182914658781883148861157582221,Tomografia komputerowa jamy brzusznej z kontrastem,03-08-2001,Pre-Dose LIVER - 2 - SEED POINT,Open Health Imaging Foundation,RTSTRUCT,RT Structure Set Storage,1.2.840.10008.5.1.4.1.1.481.3,1,3.83 KB,.\CPTAC-PDA\C3N-03430\03-08-2001-NA-Tomografia komputerowa jamy brzusznej z kontrastem-82221\701.000000-Pre-Dose LIVER - 2 - SEED POINT-494.4,2026-10-07T00:23:02.79
1.2.826.0.1.534147.667.2747872357.2023425165621821,CPTAC-PDA,yes,https://doi.org/10.7937/BW9VBX61,C3N-03430,1.3.6.1.4.1.14519.5.2.1.3320.3273.182914658781883148861157582221,Tomografia komputerowa jamy brzusznej z kontrastem,03-08-2001,Pre-Dose LIVER - 1,Open Health Imaging Foundation,RTSTRUCT,RT Structure Set Storage,1.2.840.10008.5.1.4.1.1.481.3,1,63.56 KB,.\CPTAC-PDA\C3N-03430\03-08-2001-NA-Tomografia komputerowa jamy brzusznej z kontrastem-82221\801.000000-Pre-Dose LIVER - 1-21821,2026-10-07T00:23:03.892
1.2.826.0.1.534147.667.2747872357.2023425165642833.4,CPTAC-PDA,yes,https://doi.org/10.7937/BW9VBX61,C3N-03430,1.3.6.1.4.1.14519.5.2.1.3320.3273.182914658781883148861157582221,Tomografia komputerowa jamy brzusznej z kontrastem,03-08-2001,Pre-Dose LIVER - 1 - SEED POINT,Open Health Imaging Foundation,RTSTRUCT,RT Structure Set Storage,1.2.840.10008.5.1.4.1.1.481.3,1,3.83 KB,.\CPTAC-PDA\C3N-03430\03-08-2001-NA-Tomografia komputerowa jamy brzusznej z kontrastem-82221\801.000000-Pre-Dose LIVER - 1 - SEED POINT-833.4,2026-10-07T00:23:04.385
1.2.826.0.1.534147.667.2747872357.2023425165842643,CPTAC-PDA,yes,https://doi.org/10.7937/BW9VBX61,C3N-03430,1.3.6.1.4.1.14519.5.2.1.3320.3273.182914658781883148861157582221,Tomografia komputerowa jamy brzusznej z kontrastem,03-08-2001,Pre-Dose LIVER - 2,Open Health Imaging Foundation,RTSTRUCT,RT Structure Set Storage,1.2.840.10008.5.1.4.1.1.481.3,1,36.86 KB,.\CPTAC-PDA\C3N-03430\03-08-2001-NA-Tomografia komputerowa jamy brzusznej z kontrastem-82221\801.000000-Pre-Dose LIVER - 2-42643,2026-10-07T00:23:04.603
1.2.826.0.1.534147.667.2747872357.20234251659123.4,CPTAC-PDA,yes,https://doi.org/10.7937/BW9VBX61,C3N-03430,1.3.6.1.4.1.14519.5.2.1.3320.3273.182914658781883148861157582221,Tomografia komputerowa jamy brzusznej z kontrastem,03-08-2001,Pre-Dose LIVER - 2 - SEED POINT,Open Health Imaging Foundation,RTSTRUCT,RT Structure Set Storage,1.2.840.10008.5.1.4.1.1.481.3,1,3.83 KB,.\CPTAC-PDA\C3N-03430\03-08-2001-NA-Tomografia komputerowa jamy brzusznej z kontrastem-82221\801.000000-Pre-Dose LIVER - 2 - SEED POINT-123.4,2026-10-07T00:23:05.445
1.2.826.0.1.534147.667.2747872357.202342517221223.4,CPTAC-PDA,yes,https://doi.org/10.7937/BW9VBX61,C3N-03430,1.3.6.1.4.1.14519.5.2.1.3320.3273.182914658781883148861157582221,Tomografia komputerowa jamy brzusznej z kontrastem,03-08-2001,Pre-Dose PANCREAS - 1 - SEED POINT,Open Health Imaging Foundation,RTSTRUCT,RT Structure Set Storage,1.2.840.10008.5.1.4.1.1.481.3,1,3.85 KB,.\CPTAC-PDA\C3N-03430\03-08-2001-NA-Tomografia komputerowa jamy brzusznej z kontrastem-82221\801.000000-Pre-Dose PANCREAS - 1 - SEED POINT-223.4,2026-10-07T00:23:06.341
1.2.826.0.1.534147.667.2747872357.20234251720346.4,CPTAC-PDA,yes,https://doi.org/10.7937/BW9VBX61,C3N-03430,1.3.6.1.4.1.14519.5.2.1.3320.3273.182914658781883148861157582221,Tomografia komputerowa jamy brzusznej z kontrastem,03-08-2001,Pre-Dose PANCREAS - 1,Open Health Imaging Foundation,RTSTRUCT,RT Structure Set Storage,1.2.840.10008.5.1.4.1.1.481.3,1,75.05 KB,.\CPTAC-PDA\C3N-03430\03-08-2001-NA-Tomografia komputerowa jamy brzusznej z kontrastem-82221\801.000000-Pre-Dose PANCREAS - 1-346.4,2026-10-07T00:23:06.643
1.2.826.0.1.534147.756.812677238.20232298027752.4,CPTAC-PDA,yes,https://doi.org/10.7937/BW9VBX61,C3N-03430,1.3.6.1.4.1.14519.5.2.1.3320.3273.182914658781883148861157582221,Tomografia komputerowa jamy brzusznej z kontrastem,03-08-2001,Pre-Dose PANCREAS - 1 - SEED POINT,Open Health Imaging Foundation,RTSTRUCT,RT Structure Set Storage,1.2.840.10008.5.1.4.1.1.481.3,1,3.84 KB,.\CPTAC-PDA\C3N-03430\03-08-2001-NA-Tomografia komputerowa jamy brzusznej z kontrastem-82221\501.000000-Pre-Dose PANCREAS - 1 - SEED POINT-752.4,2026-10-07T00:23:07.618
1.2.826.0.1.534147.756.812677238.20232298010615.4,CPTAC-PDA,yes,https://doi.org/10.7937/BW9VBX61,C3N-03430,1.3.6.1.4.1.14519.5.2.1.3320.3273.182914658781883148861157582221,Tomografia komputerowa jamy brzusznej z kontrastem,03-08-2001,Pre-Dose PANCREAS - 1,Open Health Imaging Foundation,RTSTRUCT,RT Structure Set Storage,1.2.840.10008.5.1.4.1.1.481.3,1,84.57 KB,.\CPTAC-PDA\C3N-03430\03-08-2001-NA-Tomografia komputerowa jamy brzusznej z kontrastem-82221\501.000000-Pre-Dose PANCREAS - 1-615.4,2026-10-07T00:23:08.385
1.2.826.0.1.534147.756.812677238.202322981353346.4,CPTAC-PDA,yes,https://doi.org/10.7937/BW9VBX61,C3N-03430,1.3.6.1.4.1.14519.5.2.1.3320.3273.182914658781883148861157582221,Tomografia komputerowa jamy brzusznej z kontrastem,03-08-2001,Pre-Dose LIVER - 2,Open Health Imaging Foundation,RTSTRUCT,RT Structure Set Storage,1.2.840.10008.5.1.4.1.1.481.3,1,53.75 KB,.\CPTAC-PDA\C3N-03430\03-08-2001-NA-Tomografia komputerowa jamy brzusznej z kontrastem-82221\501.000000-Pre-Dose LIVER - 2-346.4,2026-10-07T00:23:08.61
1.2.826.0.1.534147.756.812677238.202322981414882.4,CPTAC-PDA,yes,https://doi.org/10.7937/BW9VBX61,C3N-03430,1.3.6.1.4.1.14519.5.2.1.3320.3273.182914658781883148861157582221,Tomografia komputerowa jamy brzusznej z kontrastem,03-08-2001,Pre-Dose LIVER - 2 - SEED POINT,Open Health Imaging Foundation,RTSTRUCT,RT Structure Set Storage,1.2.840.10008.5.1.4.1.1.481.3,1,3.83 KB,.\CPTAC-PDA\C3N-03430\03-08-2001-NA-Tomografia komputerowa jamy brzusznej z kontrastem-82221\501.000000-Pre-Dose LIVER - 2 - SEED POINT-882.4,2026-10-07T00:23:09.007
1.2.826.0.1.534147.756.812677238.20232298748827.4,CPTAC-PDA,yes,https://doi.org/10.7937/BW9VBX61,C3N-03430,1.3.6.1.4.1.14519.5.2.1.3320.3273.182914658781883148861157582221,Tomografia komputerowa jamy brzusznej z kontrastem,03-08-2001,Pre-Dose LIVER - 1 - SEED POINT,Open Health Imaging Foundation,RTSTRUCT,RT Structure Set Storage,1.2.840.10008.5.1.4.1.1.481.3,1,3.83 KB,.\CPTAC-PDA\C3N-03430\03-08-2001-NA-Tomografia komputerowa jamy brzusznej z kontrastem-82221\501.000000-Pre-Dose LIVER - 1 - SEED POINT-827.4,2026-10-07T00:23:10.441
1.2.826.0.1.534147.667.2747872357.20234251710161.4,CPTAC-PDA,yes,https://doi.org/10.7937/BW9VBX61,C3N-03430,1.3.6.1.4.1.14519.5.2.1.3320.3273.319822341942234893067347608211,AbdomenBRZUCHMIEDNICA Adult,04-07-2001,Post-Chemotherapy 1 LIVER - 2 - SEED POINT,Open Health Imaging Foundation,RTSTRUCT,RT Structure Set Storage,1.2.840.10008.5.1.4.1.1.481.3,1,3.84 KB,.\CPTAC-PDA\C3N-03430\04-07-2001-NA-AbdomenBRZUCHMIEDNICA Adult-08211\7.000000-Post-Chemotherapy 1 LIVER - 2 - SEED POINT-161.4,2026-10-07T00:23:10.442
1.2.826.0.1.534147.667.2747872357.2023425171235659.4,CPTAC-PDA,yes,https://doi.org/10.7937/BW9VBX61,C3N-03430,1.3.6.1.4.1.14519.5.2.1.3320.3273.319822341942234893067347608211,AbdomenBRZUCHMIEDNICA Adult,04-07-2001,Post-Chemotherapy 1 PANCREAS - 1 - SEED POINT,Open Health Imaging Foundation,RTSTRUCT,RT Structure Set Storage,1.2.840.10008.5.1.4.1.1.481.3,1,3.87 KB,.\CPTAC-PDA\C3N-03430\04-07-2001-NA-AbdomenBRZUCHMIEDNICA Adult-08211\7.000000-Post-Chemotherapy 1 PANCREAS - 1 - SEED POINT-659.4,2026-10-07T00:23:11.991
1.2.826.0.1.534147.756.812677238.2023229844616.4,CPTAC-PDA,yes,https://doi.org/10.7937/BW9VBX61,C3N-03430,1.3.6.1.4.1.14519.5.2.1.3320.3273.182914658781883148861157582221,Tomografia komputerowa jamy brzusznej z kontrastem,03-08-2001,Pre-Dose LIVER - 1,Open Health Imaging Foundation,RTSTRUCT,RT Structure Set Storage,1.2.840.10008.5.1.4.1.1.481.3,1,101.41 KB,.\CPTAC-PDA\C3N-03430\03-08-2001-NA-Tomografia komputerowa jamy brzusznej z kontrastem-82221\501.000000-Pre-Dose LIVER - 1-616.4,2026-10-07T00:23:12.692
1.2.826.0.1.534147.667.2747872357.2023425171513497.4,CPTAC-PDA,yes,https://doi.org/10.7937/BW9VBX61,C3N-03430,1.3.6.1.4.1.14519.5.2.1.3320.3273.319822341942234893067347608211,AbdomenBRZUCHMIEDNICA Adult,04-07-2001,Post-Chemotherapy 1 PANCREAS - 1 - SEED POINT,Open Health Imaging Foundation,RTSTRUCT,RT Structure Set Storage,1.2.840.10008.5.1.4.1.1.481.3,1,3.87 KB,.\CPTAC-PDA\C3N-03430\04-07-2001-NA-AbdomenBRZUCHMIEDNICA Adult-08211\11.000000-Post-Chemotherapy 1 PANCREAS - 1 - SEED POINT-497.4,2026-10-07T00:23:14.33
1.2.826.0.1.534147.667.2747872357.2023425171214981.4,CPTAC-PDA,yes,https://doi.org/10.7937/BW9VBX61,C3N-03430,1.3.6.1.4.1.14519.5.2.1.3320.3273.319822341942234893067347608211,AbdomenBRZUCHMIEDNICA Adult,04-07-2001,Post-Chemotherapy 1 PANCREAS - 1,Open Health Imaging Foundation,RTSTRUCT,RT Structure Set Storage,1.2.840.10008.5.1.4.1.1.481.3,1,90.26 KB,.\CPTAC-PDA\C3N-03430\04-07-2001-NA-AbdomenBRZUCHMIEDNICA Adult-08211\7.000000-Post-Chemotherapy 1 PANCREAS - 1-981.4,2026-10-07T00:23:14.85
1.2.826.0.1.534147.667.2747872357.2023425171457104.4,CPTAC-PDA,yes,https://doi.org/10.7937/BW9VBX61,C3N-03430,1.3.6.1.4.1.14519.5.2.1.3320.3273.319822341942234893067347608211,AbdomenBRZUCHMIEDNICA Adult,04-07-2001,Post-Chemotherapy 1 PANCREAS - 1,Open Health Imaging Foundation,RTSTRUCT,RT Structure Set Storage,1.2.840.10008.5.1.4.1.1.481.3,1,79.63 KB,.\CPTAC-PDA\C3N-03430\04-07-2001-NA-AbdomenBRZUCHMIEDNICA Adult-08211\11.000000-Post-Chemotherapy 1 PANCREAS - 1-104.4,2026-10-07T00:23:15.091
1.2.826.0.1.534147.667.2747872357.2023425171727891.4,CPTAC-PDA,yes,https://doi.org/10.7937/BW9VBX61,C3N-03430,1.3.6.1.4.1.14519.5.2.1.3320.3273.319822341942234893067347608211,AbdomenBRZUCHMIEDNICA Adult,04-07-2001,Post-Chemotherapy 1 LIVER - 1,Open Health Imaging Foundation,RTSTRUCT,RT Structure Set Storage,1.2.840.10008.5.1.4.1.1.481.3,1,65.84 KB,.\CPTAC-PDA\C3N-03430\04-07-2001-NA-AbdomenBRZUCHMIEDNICA Adult-08211\11.000000-Post-Chemotherapy 1 LIVER - 1-891.4,2026-10-07T00:23:16.157
1.2.826.0.1.534147.667.2747872357.202342517204458,CPTAC-PDA,yes,https://doi.org/10.7937/BW9VBX61,C3N-03430,1.3.6.1.4.1.14519.5.2.1.3320.3273.319822341942234893067347608211,AbdomenBRZUCHMIEDNICA Adult,04-07-2001,Post-Chemotherapy 1 LIVER - 2 - SEED POINT,Open Health Imaging Foundation,RTSTRUCT,RT Structure Set Storage,1.2.840.10008.5.1.4.1.1.481.3,1,3.85 KB,.\CPTAC-PDA\C3N-03430\04-07-2001-NA-AbdomenBRZUCHMIEDNICA Adult-08211\11.000000-Post-Chemotherapy 1 LIVER - 2 - SEED POINT-04458,2026-10-07T00:23:16.412
1.2.826.0.1.534147.667.2747872357.2023425172021208.4,CPTAC-PDA,yes,https://doi.org/10.7937/BW9VBX61,C3N-03430,1.3.6.1.4.1.14519.5.2.1.3320.3273.319822341942234893067347608211,AbdomenBRZUCHMIEDNICA Adult,04-07-2001,Post-Chemotherapy 1 LIVER - 2,Open Health Imaging Foundation,RTSTRUCT,RT Structure Set Storage,1.2.840.10008.5.1.4.1.1.481.3,1,58.82 KB,.\CPTAC-PDA\C3N-03430\04-07-2001-NA-AbdomenBRZUCHMIEDNICA Adult-08211\11.000000-Post-Chemotherapy 1 LIVER - 2-208.4,2026-10-07T00:23:16.652
1.2.826.0.1.534147.667.2747872357.2023425172121735.4,CPTAC-PDA,yes,https://doi.org/10.7937/BW9VBX61,C3N-03430,1.3.6.1.4.1.14519.5.2.1.3320.3273.319822341942234893067347608211,AbdomenBRZUCHMIEDNICA Adult,04-07-2001,Post-Chemotherapy 1 LIVER - 1 - SEED POINT,Open Health Imaging Foundation,RTSTRUCT,RT Structure Set Storage,1.2.840.10008.5.1.4.1.1.481.3,1,3.85 KB,.\CPTAC-PDA\C3N-03430\04-07-2001-NA-AbdomenBRZUCHMIEDNICA Adult-08211\11.000000-Post-Chemotherapy 1 LIVER - 1 - SEED POINT-735.4,2026-10-07T00:23:17.457
1.2.826.0.1.534147.667.2747872357.202342517733776.4,CPTAC-PDA,yes,https://doi.org/10.7937/BW9VBX61,C3N-03430,1.3.6.1.4.1.14519.5.2.1.3320.3273.319822341942234893067347608211,AbdomenBRZUCHMIEDNICA Adult,04-07-2001,Post-Chemotherapy 1 LIVER - 1 - SEED POINT,Open Health Imaging Foundation,RTSTRUCT,RT Structure Set Storage,1.2.840.10008.5.1.4.1.1.481.3,1,3.85 KB,.\CPTAC-PDA\C3N-03430\04-07-2001-NA-AbdomenBRZUCHMIEDNICA Adult-08211\7.000000-Post-Chemotherapy 1 LIVER - 1 - SEED POINT-776.4,2026-10-07T00:23:17.72
1.2.826.0.1.534147.667.2747872357.202342517936969.4,CPTAC-PDA,yes,https://doi.org/10.7937/BW9VBX61,C3N-03430,1.3.6.1.4.1.14519.5.2.1.3320.3273.319822341942234893067347608211,AbdomenBRZUCHMIEDNICA Adult,04-07-2001,Post-Chemotherapy 1 LIVER - 2,Open Health Imaging Foundation,RTSTRUCT,RT Structure Set Storage,1.2.840.10008.5.1.4.1.1.481.3,1,75.44 KB,.\CPTAC-PDA\C3N-03430\04-07-2001-NA-AbdomenBRZUCHMIEDNICA Adult-08211\7.000000-Post-Chemotherapy 1 LIVER - 2-969.4,2026-10-07T00:23:22.531
1.2.826.0.1.534147.756.812677238.20232298301271.4,CPTAC-PDA,yes,https://doi.org/10.7937/BW9VBX61,C3N-03430,1.3.6.1.4.1.14519.5.2.1.3320.3273.319822341942234893067347608211,AbdomenBRZUCHMIEDNICA Adult,04-07-2001,Post-Chemotherapy 1 PANCREAS - 1,Open Health Imaging Foundation,RTSTRUCT,RT Structure Set Storage,1.2.840.10008.5.1.4.1.1.481.3,1,73.48 KB,.\CPTAC-PDA\C3N-03430\04-07-2001-NA-AbdomenBRZUCHMIEDNICA Adult-08211\9.000000-Post-Chemotherapy 1 PANCREAS - 1-271.4,2026-10-07T00:23:22.831
1.2.826.0.1.534147.756.812677238.202322983042779.4,CPTAC-PDA,yes,https://doi.org/10.7937/BW9VBX61,C3N-03430,1.3.6.1.4.1.14519.5.2.1.3320.3273.319822341942234893067347608211,AbdomenBRZUCHMIEDNICA Adult,04-07-2001,Post-Chemotherapy 1 PANCREAS - 1 - SEED POINT,Open Health Imaging Foundation,RTSTRUCT,RT Structure Set Storage,1.2.840.10008.5.1.4.1.1.481.3,1,3.86 KB,.\CPTAC-PDA\C3N-03430\04-07-2001-NA-AbdomenBRZUCHMIEDNICA Adult-08211\9.000000-Post-Chemotherapy 1 PANCREAS - 1 - SEED POINT-779.4,2026-10-07T00:23:24.146
1.2.826.0.1.534147.667.2747872357.2023425177694.4,CPTAC-PDA,yes,https://doi.org/10.7937/BW9VBX61,C3N-03430,1.3.6.1.4.1.14519.5.2.1.3320.3273.319822341942234893067347608211,AbdomenBRZUCHMIEDNICA Adult,04-07-2001,Post-Chemotherapy 1 LIVER - 1,Open Health Imaging Foundation,RTSTRUCT,RT Structure Set Storage,1.2.840.10008.5.1.4.1.1.481.3,1,83.23 KB,.\CPTAC-PDA\C3N-03430\04-07-2001-NA-AbdomenBRZUCHMIEDNICA Adult-08211\7.000000-Post-Chemotherapy 1 LIVER - 1-694.4,2026-10-07T00:23:24.174
1.2.826.0.1.534147.756.812677238.20232298378522.4,CPTAC-PDA,yes,https://doi.org/10.7937/BW9VBX61,C3N-03430,1.3.6.1.4.1.14519.5.2.1.3320.3273.319822341942234893067347608211,AbdomenBRZUCHMIEDNICA Adult,04-07-2001,Post-Chemotherapy 1 LIVER - 1 - SEED POINT,Open Health Imaging Foundation,RTSTRUCT,RT Structure Set Storage,1.2.840.10008.5.1.4.1.1.481.3,1,3.84 KB,.\CPTAC-PDA\C3N-03430\04-07-2001-NA-AbdomenBRZUCHMIEDNICA Adult-08211\9.000000-Post-Chemotherapy 1 LIVER - 1 - SEED POINT-522.4,2026-10-07T00:23:25.601
1.2.826.0.1.534147.756.812677238.20232298468200,CPTAC-PDA,yes,https://doi.org/10.7937/BW9VBX61,C3N-03430,1.3.6.1.4.1.14519.5.2.1.3320.3273.319822341942234893067347608211,AbdomenBRZUCHMIEDNICA Adult,04-07-2001,Post-Chemotherapy 1 LIVER - 2 - SEED POINT,Open Health Imaging Foundation,RTSTRUCT,RT Structure Set Storage,1.2.840.10008.5.1.4.1.1.481.3,1,3.84 KB,.\CPTAC-PDA\C3N-03430\04-07-2001-NA-AbdomenBRZUCHMIEDNICA Adult-08211\9.000000-Post-Chemotherapy 1 LIVER - 2 - SEED POINT-68200,2026-10-07T00:23:26.951
1.2.826.0.1.534147.756.812677238.202322984547247.4,CPTAC-PDA,yes,https://doi.org/10.7937/BW9VBX61,C3N-03430,1.3.6.1.4.1.14519.5.2.1.3320.3273.319822341942234893067347608211,AbdomenBRZUCHMIEDNICA Adult,04-07-2001,Post-Chemotherapy 1 LIVER - 2,Open Health Imaging Foundation,RTSTRUCT,RT Structure Set Storage,1.2.840.10008.5.1.4.1.1.481.3,1,65.66 KB,.\CPTAC-PDA\C3N-03430\04-07-2001-NA-AbdomenBRZUCHMIEDNICA Adult-08211\9.000000-Post-Chemotherapy 1 LIVER - 2-247.4,2026-10-07T00:23:27.093
1.2.826.0.1.534147.667.2747872357.202342516215114.4,CPTAC-PDA,yes,https://doi.org/10.7937/BW9VBX61,C3N-03670,1.3.6.1.4.1.14519.5.2.1.3320.3273.258713601059756020634161006514,TK - jama brzuszna z kontrastem,05-01-2001,Pre-Dose PANCREAS - 1 - SEED POINT,Open Health Imaging Foundation,RTSTRUCT,RT Structure Set Storage,1.2.840.10008.5.1.4.1.1.481.3,1,3.83 KB,.\CPTAC-PDA\C3N-03670\05-01-2001-NA-TK - jama brzuszna z kontrastem-06514\4.000000-Pre-Dose PANCREAS - 1 - SEED POINT-114.4,2026-10-07T00:23:28.72
1.2.826.0.1.534147.667.2747872357.2023425162056301.4,CPTAC-PDA,yes,https://doi.org/10.7937/BW9VBX61,C3N-03670,1.3.6.1.4.1.14519.5.2.1.3320.3273.258713601059756020634161006514,TK - jama brzuszna z kontrastem,05-01-2001,Pre-Dose PANCREAS - 1,Open Health Imaging Foundation,RTSTRUCT,RT Structure Set Storage,1.2.840.10008.5.1.4.1.1.481.3,1,17.66 KB,.\CPTAC-PDA\C3N-03670\05-01-2001-NA-TK - jama brzuszna z kontrastem-06514\4.000000-Pre-Dose PANCREAS - 1-301.4,2026-10-07T00:23:29.342
1.2.826.0.1.534147.756.812677238.202322983643169.4,CPTAC-PDA,yes,https://doi.org/10.7937/BW9VBX61,C3N-03430,1.3.6.1.4.1.14519.5.2.1.3320.3273.319822341942234893067347608211,AbdomenBRZUCHMIEDNICA Adult,04-07-2001,Post-Chemotherapy 1 LIVER - 1,Open Health Imaging Foundation,RTSTRUCT,RT Structure Set Storage,1.2.840.10008.5.1.4.1.1.481.3,1,82.68 KB,.\CPTAC-PDA\C3N-03430\04-07-2001-NA-AbdomenBRZUCHMIEDNICA Adult-08211\9.000000-Post-Chemotherapy 1 LIVER - 1-169.4,2026-10-07T00:23:29.582
1.2.826.0.1.534147.667.2747872357.2023425162152495.4,CPTAC-PDA,yes,https://doi.org/10.7937/BW9VBX61,C3N-03670,1.3.6.1.4.1.14519.5.2.1.3320.3273.258713601059756020634161006514,TK - jama brzuszna z kontrastem,05-01-2001,Pre-Dose PANCREAS - 1,Open Health Imaging Foundation,RTSTRUCT,RT Structure Set Storage,1.2.840.10008.5.1.4.1.1.481.3,1,11.79 KB,.\CPTAC-PDA\C3N-03670\05-01-2001-NA-TK - jama brzuszna z kontrastem-06514\6.000000-Pre-Dose PANCREAS - 1-495.4,2026-10-07T00:23:30.202
1.2.826.0.1.534147.667.2747872357.2023425162159648.4,CPTAC-PDA,yes,https://doi.org/10.7937/BW9VBX61,C3N-03670,1.3.6.1.4.1.14519.5.2.1.3320.3273.258713601059756020634161006514,TK - jama brzuszna z kontrastem,05-01-2001,Pre-Dose PANCREAS - 1 - SEED POINT,Open Health Imaging Foundation,RTSTRUCT,RT Structure Set Storage,1.2.840.10008.5.1.4.1.1.481.3,1,3.83 KB,.\CPTAC-PDA\C3N-03670\05-01-2001-NA-TK - jama brzuszna z kontrastem-06514\6.000000-Pre-Dose PANCREAS - 1 - SEED POINT-648.4,2026-10-07T00:23:30.82
1.2.826.0.1.534147.756.812677238.20232299264579.4,CPTAC-PDA,yes,https://doi.org/10.7937/BW9VBX61,C3N-03670,1.3.6.1.4.1.14519.5.2.1.3320.3273.258713601059756020634161006514,TK - jama brzuszna z kontrastem,05-01-2001,Pre-Dose No Findings,Open Health Imaging Foundation,RTSTRUCT,RT Structure Set Storage,1.2.840.10008.5.1.4.1.1.481.3,1,3.19 KB,.\CPTAC-PDA\C3N-03670\05-01-2001-NA-TK - jama brzuszna z kontrastem-06514\10.000000-Pre-Dose No Findings-579.4,2026-10-07T00:23:30.852
1.2.826.0.1.534147.667.2747872357.202342516246265,CPTAC-PDA,yes,https://doi.org/10.7937/BW9VBX61,C3N-03754,1.3.6.1.4.1.14519.5.2.1.3320.3273.101611704515470181171116226146,MR JAMY BRZUSZNEJ Z KONTRASTEM,10-13-2001,Pre-Dose No Findings,Open Health Imaging Foundation,RTSTRUCT,RT Structure Set Storage,1.2.840.10008.5.1.4.1.1.481.3,1,3.19 KB,.\CPTAC-PDA\C3N-03754\10-13-2001-NA-MR JAMY BRZUSZNEJ Z KONTRASTEM-26146\7.000000-Pre-Dose No Findings-46265,2026-10-07T00:23:31.548
1.2.826.0.1.534147.667.2747872357.2023425162639925.4,CPTAC-PDA,yes,https://doi.org/10.7937/BW9VBX61,C3N-03754,1.3.6.1.4.1.14519.5.2.1.3320.3273.262326600457783095735412174962,BRZUCH TRZUSTKA,01-16-2002,Post-Chemotherapy 1 LIVER - 2,Open Health Imaging Foundation,RTSTRUCT,RT Structure Set Storage,1.2.840.10008.5.1.4.1.1.481.3,1,7.83 KB,.\CPTAC-PDA\C3N-03754\01-16-2002-NA-BRZUCH TRZUSTKA-74962\3.000000-Post-Chemotherapy 1 LIVER - 2-925.4,2026-10-07T00:23:32.185
1.2.826.0.1.534147.667.2747872357.2023425162623587.4,CPTAC-PDA,yes,https://doi.org/10.7937/BW9VBX61,C3N-03754,1.3.6.1.4.1.14519.5.2.1.3320.3273.262326600457783095735412174962,BRZUCH TRZUSTKA,01-16-2002,Post-Chemotherapy 1 LIVER - 1 - SEED POINT,Open Health Imaging Foundation,RTSTRUCT,RT Structure Set Storage,1.2.840.10008.5.1.4.1.1.481.3,1,21.44 KB,.\CPTAC-PDA\C3N-03754\01-16-2002-NA-BRZUCH TRZUSTKA-74962\3.000000-Post-Chemotherapy 1 LIVER - 1 - SEED POINT-587.4,2026-10-07T00:23:32.455
1.2.826.0.1.534147.667.2747872357.202342516264449.4,CPTAC-PDA,yes,https://doi.org/10.7937/BW9VBX61,C3N-03754,1.3.6.1.4.1.14519.5.2.1.3320.3273.262326600457783095735412174962,BRZUCH TRZUSTKA,01-16-2002,Post-Chemotherapy 1 LIVER - 1,Open Health Imaging Foundation,RTSTRUCT,RT Structure Set Storage,1.2.840.10008.5.1.4.1.1.481.3,1,12.82 KB,.\CPTAC-PDA\C3N-03754\01-16-2002-NA-BRZUCH TRZUSTKA-74962\3.000000-Post-Chemotherapy 1 LIVER - 1-449.4,2026-10-07T00:23:33.088
1.2.826.0.1.534147.667.2747872357.2023425162652132.4,CPTAC-PDA,yes,https://doi.org/10.7937/BW9VBX61,C3N-03754,1.3.6.1.4.1.14519.5.2.1.3320.3273.262326600457783095735412174962,BRZUCH TRZUSTKA,01-16-2002,Post-Chemotherapy 1 LIVER - 2 - SEED POINT,Open Health Imaging Foundation,RTSTRUCT,RT Structure Set Storage,1.2.840.10008.5.1.4.1.1.481.3,1,3.83 KB,.\CPTAC-PDA\C3N-03754\01-16-2002-NA-BRZUCH TRZUSTKA-74962\3.000000-Post-Chemotherapy 1 LIVER - 2 - SEED POINT-132.4,2026-10-07T00:23:33.504
1.2.826.0.1.534147.667.2747872357.2023425162717407.4,CPTAC-PDA,yes,https://doi.org/10.7937/BW9VBX61,C3N-03754,1.3.6.1.4.1.14519.5.2.1.3320.3273.262326600457783095735412174962,BRZUCH TRZUSTKA,01-16-2002,Post-Chemotherapy 1 RETROPERITONEAL LYMPH NODE- 1 - SEED POINT,Open Health Imaging Foundation,RTSTRUCT,RT Structure Set Storage,1.2.840.10008.5.1.4.1.1.481.3,1,3.92 KB,.\CPTAC-PDA\C3N-03754\01-16-2002-NA-BRZUCH TRZUSTKA-74962\3.000000-Post-Chemotherapy 1 RETROPERITONEAL LYMPH NODE- 1 - S-407.4,2026-10-07T00:23:33.719
1.2.826.0.1.534147.667.2747872357.202342516276444.4,CPTAC-PDA,yes,https://doi.org/10.7937/BW9VBX61,C3N-03754,1.3.6.1.4.1.14519.5.2.1.3320.3273.262326600457783095735412174962,BRZUCH TRZUSTKA,01-16-2002,Post-Chemotherapy 1 RETROPERITONEAL LYMPH NODE - 1,Open Health Imaging Foundation,RTSTRUCT,RT Structure Set Storage,1.2.840.10008.5.1.4.1.1.481.3,1,7.45 KB,.\CPTAC-PDA\C3N-03754\01-16-2002-NA-BRZUCH TRZUSTKA-74962\3.000000-Post-Chemotherapy 1 RETROPERITONEAL LYMPH NODE - 1-444.4,2026-10-07T00:23:34.5
